Taxon,Cluster
SRR29440276,1
SRR31471306,1
SRR29489422,1
SRR29463396,1
SRR5062601,1
SRR29450340,1
SRR29491210,1
SRR7281542,1
SRR29475330,1
SRR29491798,1
SRR7284071,1
SRR5061355,1
SRR7282946,1
SRR7281849,1
SRR5061063,1
SRR29447190,1
SRR29463108,1
SRR7283240,1
SRR9087049,1
SRR29480222,1
SRR29480754,1
SRR7282876,1
SRR29480322,1
SRR7281569,1
SRR9082491,1
SRR29491527,1
SRR29446982,1
SRR29459000,1
SRR29489240,1
SRR29440315,1
SRR9088150,1
SRR29475871,1
SRR7282175,1
SRR5061682,1
SRR29463372,1
SRR29480323,1
SRR9083006,1
SRR29446988,1
SRR29491783,1
SRR7284130,1
SRR7281977,1
SRR5062390,1
SRR29508858,1
SRR5061479,1
SRR29458734,1
SRR29458639,1
SRR29458910,1
SRR9087133,1
SRR5061603,1
SRR29491737,1
SRR29451008,1
SRR9083146,1
SRR29459433,1
SRR5064315,1
SRR29463207,1
SRR29508045,1
SRR29458660,1
SRR29463583,1
SRR29459109,1
SRR9088140,1
SRR9087139,1
SRR29458929,1
SRR29463009,1
SRR29450336,1
SRR29664898,1
SRR29447305,1
SRR31467140,1
SRR29459448,1
SRR29508814,1
SRR5063702,1
SRR7282721,1
SRR7282207,1
SRR29506833,1
SRR29459037,1
SRR29480344,1
SRR29489612,1
SRR5062698,1
SRR7282126,1
SRR7282471,1
SRR5061064,1
SRR7282698,1
SRR29480924,1
SRR29506765,1
SRR29491946,1
SRR29507731,1
SRR29450543,1
SRR7283005,1
SRR29491819,1
SRR29440324,1
SRR7282076,1
SRR29447093,1
SRR5061191,1
SRR7284023,1
SRR7283358,1
SRR29507330,1
SRR29508606,1
SRR29491581,1
SRR29489901,1
SRR9082507,1
SRR7281848,1
SRR9088653,1
SRR7283838,1
SRR29446989,1
SRR7283112,1
SRR29491664,1
SRR29458887,1
SRR31466825,1
SRR9083262,1
SRR7284032,1
SRR31466737,1
SRR7282892,1
SRR29664793,1
SRR29491677,1
SRR9082864,1
SRR29447069,1
SRR7283938,1
SRR9087125,1
SRR29459492,1
SRR29489301,1
SRR29489855,1
SRR29440038,1
SRR29447184,1
SRR31466761,1
SRR7283579,1
SRR29508412,1
SRR29463417,1
SRR29459265,1
SRR5062705,1
SRR9088804,1
SRR29508601,1
SRR29507292,1
SRR5061204,1
SRR7283168,1
SRR7283931,1
SRR5064211,1
SRR9083177,1
SRR29489637,1
SRR29508650,1
SRR29489104,1
SRR29450605,1
SRR29508924,1
SRR31467101,1
SRR29447279,1
SRR5062704,1
SRR7283480,1
SRR29439954,1
SRR9088373,1
SRR9088889,1
SRR29508155,1
SRR9088466,1
SRR31467141,1
SRR31467058,1
SRR31470715,1
SRR29480712,1
SRR29450603,1
SRR31471021,1
SRR7282244,1
SRR29506787,1
SRR29458906,1
SRR29463194,1
SRR29463220,1
SRR31467022,1
SRR29450248,1
SRR29440457,1
SRR29506792,1
SRR29450143,1
SRR29447917,1
SRR29488997,1
SRR29508151,1
SRR29507730,1
SRR5063741,1
SRR31466782,1
SRR29480223,1
SRR29508160,1
SRR29480467,1
SRR29489853,1
SRR7282219,1
SRR7282078,1
SRR31466652,1
SRR29479972,1
SRR29489745,1
SRR29476117,1
SRR5062461,1
SRR5061670,1
SRR29446996,1
SRR29459538,1
SRR29447361,1
SRR29480324,1
SRR29507173,1
SRR31467081,1
SRR9082455,1
SRR29450711,1
SRR5063683,1
SRR29463361,1
SRR29439650,1
SRR29480239,1
SRR29489770,1
SRR29506794,1
SRR7282231,1
SRR29491285,1
SRR7283598,1
SRR29489585,1
SRR29463133,1
SRR29507450,1
SRR29491526,1
SRR29664826,1
SRR29450363,1
SRR29480589,1
SRR29508740,1
SRR5064404,1
SRR29446990,1
SRR29480326,1
SRR7282266,1
SRR9083353,1
SRR7281762,1
SRR29508846,1
SRR29458902,1
SRR31505147,1
SRR29447701,1
SRR29508380,1
SRR5064528,1
SRR29458972,1
SRR29489863,1
SRR29508032,1
SRR9088228,1
SRR29489203,1
SRR29480053,1
SRR29475896,1
SRR29491201,1
SRR7281907,1
SRR7282309,1
SRR29458893,1
SRR29440309,1
SRR29508756,1
SRR29475857,1
SRR29439621,1
SRR5061255,1
SRR29458952,1
SRR9082574,1
SRR5061701,1
SRR29447403,1
SRR7282109,1
SRR29458719,1
SRR29506618,1
SRR31467006,1
SRR9087042,1
SRR29508602,1
SRR29439952,1
SRR29489000,1
SRR29476232,1
SRR5061468,1
SRR29508573,1
SRR29439970,1
SRR29489360,1
SRR9088114,1
SRR5061696,1
SRR29463200,1
SRR29440466,1
SRR29450337,1
SRR29458908,1
SRR7281642,1
SRR29447030,1
SRR29463201,1
SRR9088673,1
SRR29439909,1
SRR29459514,1
SRR29508898,1
SRR29480379,1
SRR31470946,1
SRR7284037,1
SRR29458957,1
SRR29450392,1
SRR29480118,1
SRR31466792,1
SRR29491097,1
SRR29462740,1
SRR5061106,1
SRR29447280,1
SRR9088157,1
SRR29463458,1
SRR29458976,1
SRR5063277,1
SRR9083171,1
SRR29475904,1
SRR29458966,1
SRR29447934,1
SRR7281737,1
SRR9088271,1
SRR7281581,1
SRR31467300,1
SRR9088171,1
SRR29480071,1
SRR29447147,1
SRR29447893,1
SRR7282691,1
SRR29440452,1
SRR7284055,1
SRR29491968,1
SRR29507974,1
SRR29489563,1
SRR7282474,1
SRR29458819,1
SRR29451020,1
SRR29439914,1
SRR29480032,1
SRR7283603,1
SRR9082431,1
SRR5061167,1
SRR29489794,1
SRR5063711,1
SRR31466857,1
SRR29450630,1
SRR9082448,1
SRR29459455,1
SRR29447289,1
SRR29463436,1
SRR29450616,1
SRR29489411,1
SRR7281672,1
SRR7283156,1
SRR29450344,1
SRR5063686,1
SRR29480702,1
SRR29475909,1
SRR29447473,1
SRR29447616,1
SRR5062336,1
SRR29507157,1
SRR7281743,1
SRR9088630,1
SRR31470588,1
SRR5064369,1
SRR29450120,1
SRR29463453,1
SRR5061537,1
SRR7281674,1
SRR7283848,1
SRR5061528,1
SRR5064533,1
SRR29507983,1
SRR29450301,1
SRR5064191,1
SRR29508511,1
SRR5064204,1
SRR5061626,1
SRR29458977,1
SRR9082992,1
SRR7284137,1
SRR29450458,1
SRR29459239,1
SRR29458805,1
SRR31471142,1
SRR7282818,1
SRR7282361,1
SRR5062657,1
SRR29440535,1
SRR29508203,1
SRR29508409,1
SRR5064129,1
SRR29491488,1
SRR5062384,1
SRR29450453,1
SRR7282942,1
SRR29507561,1
SRR29508565,1
SRR5062609,1
SRR29476180,1
SRR29476024,1
SRR9082652,1
SRR29508081,1
SRR29446992,1
SRR31470345,1
SRR5063374,1
SRR29450335,1
SRR29480331,1
SRR29488999,1
SRR29491405,1
SRR29664795,1
SRR9082870,1
SRR29458801,1
SRR9082885,1
SRR29508535,1
SRR29459383,1
SRR31505125,1
SRR5064227,1
SRR29450333,1
SRR29491119,1
SRR5061579,1
SRR29447548,1
SRR29459113,1
SRR7283344,1
SRR29491160,1
SRR31467394,1
SRR29489626,1
SRR29480329,1
SRR29508669,1
SRR29475353,1
SRR9088439,1
SRR29480343,1
SRR29463454,1
SRR5063663,1
SRR29664844,1
SRR29507359,1
SRR31466926,1
SRR5061636,1
SRR7281520,1
SRR29447281,1
SRR29491157,1
SRR29462719,1
SRR29446991,1
SRR29463315,1
SRR29439881,1
SRR29439575,1
SRR31470375,1
SRR29450159,1
SRR29506763,1
SRR5064406,1
SRR31471066,1
SRR5061280,1
SRR9088749,1
SRR31505223,1
SRR29489929,1
SRR29475856,1
SRR9082642,1
SRR5063624,1
SRR5063689,1
SRR31467451,1
SRR29491495,1
SRR5063598,1
SRR29491525,1
SRR5062309,1
SRR29447525,1
SRR9082465,1
SRR9083186,1
SRR29462999,1
SRR5064314,1
SRR29488956,1
SRR31470529,1
SRR31470901,1
SRR29439896,1
SRR29491823,1
SRR29450399,1
SRR29507203,1
SRR29480639,1
SRR29492024,1
SRR7282428,1
SRR29447778,1
SRR29480489,1
SRR29439862,1
SRR7282164,1
SRR5063709,1
SRR9088792,1
SRR29447278,1
SRR29491391,1
SRR29450575,1
SRR29489427,1
SRR29508538,1
SRR7282009,1
SRR5062265,1
SRR9088851,1
SRR29475870,1
SRR31467212,1
SRR29447580,1
SRR29507714,1
SRR29507600,1
SRR7282238,1
SRR5062296,1
SRR29506884,1
SRR5063720,1
SRR5062372,1
SRR31502708,1
SRR29488951,1
SRR29458662,1
SRR29463371,1
SRR5062647,1
SRR29450823,1
SRR29447848,1
SRR29480875,1
SRR29508347,1
SRR31470532,1
SRR29508899,1
SRR29508122,1
SRR5063540,1
SRR29450739,1
SRR29447089,1
SRR31466834,1
SRR7281983,1
SRR29450834,1
SRR29440098,1
SRR31470861,1
SRR29489704,1
SRR29458934,1
SRR29463611,1
SRR29507756,1
SRR7283526,1
SRR29480805,1
SRR29450835,1
SRR5062614,1
SRR7283115,1
SRR9087910,1
SRR29463260,1
SRR29447409,1
SRR29475770,1
SRR9087117,1
SRR29507543,1
SRR29459394,1
SRR9088631,1
SRR29664788,1
SRR31467026,1
SRR29447649,1
SRR29463249,1
SRR29491421,1
SRR29489311,1
SRR7283469,1
SRR7283921,1
SRR29489177,1
SRR29491543,1
SRR7283589,1
SRR7282063,1
SRR29459343,1
SRR9088006,1
SRR29447613,1
SRR29450485,1
SRR5061442,1
SRR29480059,1
SRR29491969,1
SRR29458974,1
SRR29447094,1
SRR29463370,1
SRR9082792,1
SRR29450554,1
SRR29458901,1
SRR29489075,1
SRR29476080,1
SRR29476040,1
SRR9082905,1
SRR29508673,1
SRR7283887,1
SRR29508164,1
SRR29450601,1
SRR9088628,1
SRR29491470,1
SRR29508857,1
SRR5061048,1
SRR5063729,1
SRR29462996,1
SRR29450987,1
SRR9082437,1
SRR29507289,1
SRR7283006,1
SRR29507384,1
SRR5063569,1
SRR29480581,1
SRR29463463,1
SRR29489178,1
SRR9087980,1
SRR7284053,1
SRR29450798,1
SRR5061451,1
SRR29450489,1
SRR29491676,1
SRR7282452,1
SRR7284119,1
SRR29450604,1
SRR29450414,1
SRR29447096,1
SRR29462928,1
SRR29463671,1
SRR5064102,1
SRR7283008,1
SRR9088166,1
SRR31502734,1
SRR5062321,1
SRR29664931,1
SRR9088866,1
SRR5062610,1
SRR9088829,1
SRR29508242,1
SRR7281652,1
SRR29475936,1
SRR9088133,1
SRR29450161,1
SRR9088422,1
SRR5064099,1
SRR5063682,1
SRR9088217,1
SRR29508234,1
SRR29458628,1
SRR29491267,1
SRR5064184,1
SRR7281514,1
SRR29459324,1
SRR9083278,1
SRR5064544,1
SRR7284020,1
SRR7281668,1
SRR29458716,2
SRR29459141,2
SRR29459395,2
SRR29480448,2
SRR5062468,2
SRR29439658,2
SRR9082726,2
SRR29450359,2
SRR29475497,2
SRR31466583,2
SRR29480917,2
SRR29507745,2
SRR29480357,2
SRR29664596,2
SRR9082561,2
SRR29489862,2
SRR29459286,2
SRR29665044,2
SRR5062516,2
SRR29440461,2
SRR7281717,2
SRR31467288,2
SRR31470466,2
SRR29458845,2
SRR7282816,2
SRR29491371,2
SRR5063796,2
SRR31505135,2
SRR29479974,2
SRR29475938,2
SRR29507563,2
SRR29463667,2
SRR7282982,2
SRR29459560,2
SRR9087986,2
SRR29507599,2
SRR9088225,2
SRR9082892,2
SRR31502741,2
SRR29447066,2
SRR29506897,2
SRR31471089,2
SRR5063765,2
SRR29447650,2
SRR5064448,2
SRR31470433,2
SRR29475452,2
SRR29491135,2
SRR9083243,2
SRR29463156,2
SRR31470382,2
SRR29450502,2
SRR31467088,2
SRR29439905,2
SRR29462713,2
SRR29480508,2
SRR29447977,2
SRR29480396,2
SRR29459300,2
SRR29480765,2
SRR29439912,2
SRR29507369,2
SRR29507783,2
SRR31467447,2
SRR5063294,2
SRR29459279,2
SRR7282739,2
SRR5064302,2
SRR29450600,2
SRR29447274,2
SRR29480290,2
SRR29491742,2
SRR29507022,2
SRR29506758,2
SRR29475632,2
SRR31467323,2
SRR7281764,2
SRR5061345,2
SRR29508035,2
SRR7281504,2
SRR29475941,2
SRR31470435,2
SRR9082917,2
SRR29459569,2
SRR29508235,2
SRR29480479,2
SRR5064367,2
SRR29450994,2
SRR29489726,2
SRR31470439,2
SRR7282884,2
SRR7282826,2
SRR29447368,2
SRR29459344,2
SRR29475977,2
SRR7281630,2
SRR29447474,2
SRR29447339,2
SRR29491964,2
SRR29508539,2
SRR29451004,2
SRR29440480,2
SRR29450614,2
SRR29462998,2
SRR29463122,2
SRR29489378,2
SRR29507139,2
SRR7282927,2
SRR31466603,2
SRR7282161,2
SRR7283063,2
SRR9082692,2
SRR29459377,2
SRR9083381,2
SRR29458826,2
SRR31467291,2
SRR31470698,2
SRR5063631,2
SRR29508555,2
SRR31466864,2
SRR7281908,2
SRR29480433,2
SRR9088542,2
SRR29450153,2
SRR31470870,2
SRR29480509,2
SRR29463465,2
SRR29489654,2
SRR29506832,2
SRR31467397,2
SRR7282924,2
SRR9082718,2
SRR29507857,2
SRR7282269,2
SRR29450784,2
SRR29508385,2
SRR7283151,2
SRR31467024,2
SRR29440257,2
SRR9082922,2
SRR29459359,2
SRR29506724,2
SRR29475945,2
SRR29440459,2
SRR29450201,2
SRR29489291,2
SRR29489241,2
SRR31467009,2
SRR31467340,2
SRR5061071,2
SRR7282318,2
SRR31470330,2
SRR29491294,2
SRR31471056,2
SRR31467023,2
SRR31467025,2
SRR7282732,2
SRR31470984,2
SRR29447156,2
SRR29489858,2
SRR29479967,2
SRR5061168,2
SRR29439717,2
SRR29440211,2
SRR29447064,2
SRR29480888,2
SRR29480807,2
SRR29450699,2
SRR29462749,2
SRR29491125,2
SRR31471013,2
SRR7283843,2
SRR29480367,2
SRR5061588,2
SRR29450663,2
SRR29447427,2
SRR29463141,2
SRR5063372,2
SRR31471179,2
SRR5063710,2
SRR29459585,2
SRR5062338,2
SRR29450506,2
SRR29508478,2
SRR29480236,2
SRR31467160,2
SRR7281988,2
SRR7281987,2
SRR29447570,2
SRR29491234,2
SRR9088693,2
SRR29463681,2
SRR31470434,2
SRR29507052,2
SRR29489785,2
SRR29491840,2
SRR29508372,2
SRR29489918,2
SRR29440430,2
SRR29507751,2
SRR29459088,2
SRR5063307,2
SRR29508213,2
SRR5062236,2
SRR7283056,2
SRR29664878,2
SRR29479996,2
SRR7282920,2
SRR9082955,2
SRR7284018,2
SRR5063401,2
SRR29440031,2
SRR29447426,2
SRR29447543,2
SRR31467163,2
SRR7282749,2
SRR31467245,2
SRR29458811,2
SRR9083127,2
SRR29507984,2
SRR29507363,2
SRR7283436,2
SRR7283013,2
SRR5061558,2
SRR29439616,2
SRR29507129,2
SRR9083115,2
SRR7283462,2
SRR29480366,2
SRR29475509,2
SRR29664674,2
SRR29459293,2
SRR5064463,2
SRR29450687,2
SRR29462988,2
SRR29459247,2
SRR29507076,2
SRR7281670,2
SRR29506710,2
SRR29506896,2
SRR31470503,2
SRR29451039,2
SRR7283309,2
SRR9088158,2
SRR29462997,2
SRR29506647,2
SRR29480172,2
SRR31471060,2
SRR5061056,2
SRR7283406,2
SRR29489349,2
SRR9082743,2
SRR31470423,2
SRR7282955,2
SRR29476115,2
SRR31466630,2
SRR29447723,2
SRR29459241,2
SRR29507705,2
SRR29450884,2
SRR31470674,2
SRR29489856,2
SRR29480912,2
SRR31505327,2
SRR5061699,2
SRR31466664,2
SRR31502753,2
SRR29475939,2
SRR7283951,2
SRR9087078,2
SRR29459530,2
SRR31470983,2
SRR29459498,2
SRR29440067,2
SRR29480818,2
SRR29458927,2
SRR29664881,2
SRR5063736,2
SRR5064160,2
SRR5064313,2
SRR29440445,2
SRR29451025,2
SRR29489667,2
SRR9088244,3
SRR29507729,3
SRR5061533,3
SRR29459390,3
SRR9083304,3
SRR29440471,3
SRR7281580,3
SRR29489337,3
SRR29508379,3
SRR5063626,3
SRR29459326,3
SRR9088656,3
SRR9088785,3
SRR29508233,3
SRR31466729,3
SRR29475593,3
SRR29475400,3
SRR29447672,3
SRR29491098,3
SRR29459055,3
SRR5063612,3
SRR7283282,3
SRR5064263,3
SRR29447510,3
SRR29447277,3
SRR29447114,3
SRR29507759,3
SRR29475451,3
SRR5064407,3
SRR5063301,3
SRR29458904,3
SRR31470325,3
SRR29508040,3
SRR29491612,3
SRR9082599,3
SRR29440267,3
SRR29480484,3
SRR31466604,3
SRR29450544,3
SRR29475614,3
SRR7283839,3
SRR29489514,3
SRR5061459,3
SRR7284161,3
SRR7283900,3
SRR29479987,3
SRR31466795,3
SRR31467387,3
SRR7281633,3
SRR29489348,3
SRR5064193,3
SRR29489670,3
SRR5064325,3
SRR9088202,3
SRR31467055,3
SRR29451013,3
SRR31470789,3
SRR29459134,3
SRR29491760,3
SRR5062280,3
SRR9083310,3
SRR29459115,3
SRR29475436,3
SRR29463630,3
SRR29480514,3
SRR29459186,3
SRR29462714,3
SRR29475940,3
SRR29463356,3
SRR31505229,3
SRR29462888,3
SRR29508261,3
SRR5063593,3
SRR31470908,3
SRR29439632,3
SRR31471112,3
SRR7281650,3
SRR29475660,3
SRR9082475,3
SRR29480152,3
SRR29458875,3
SRR29447166,3
SRR29440519,3
SRR5063576,3
SRR29491859,3
SRR29439812,3
SRR29447849,3
SRR7282263,3
SRR29440300,3
SRR5062426,3
SRR5062599,3
SRR29463349,3
SRR29480123,3
SRR29459352,3
SRR29463152,3
SRR5063425,3
SRR7283576,3
SRR7282221,3
SRR7281699,3
SRR29491286,3
SRR9087053,3
SRR29508314,3
SRR5062715,3
SRR29458971,3
SRR29489659,3
SRR29450642,3
SRR29664879,3
SRR29451055,3
SRR29463613,3
SRR29507145,3
SRR29463640,3
SRR9082412,3
SRR29450511,3
SRR5063781,3
SRR29508237,3
SRR9088857,3
SRR7283073,3
SRR29462885,3
SRR29447139,3
SRR7283532,3
SRR29664713,3
SRR29458644,3
SRR9088575,3
SRR31470438,3
SRR5062509,3
SRR29440546,3
SRR29507280,3
SRR9083079,3
SRR29489226,3
SRR29462935,3
SRR29508207,3
SRR29459468,3
SRR29463513,3
SRR5061429,3
SRR9088733,3
SRR29508631,3
SRR7282714,3
SRR5063335,3
SRR29463247,3
SRR29439746,3
SRR9088563,3
SRR29458967,3
SRR29491155,3
SRR29458973,3
SRR7283481,3
SRR29506975,3
SRR29463569,3
SRR29506777,3
SRR29480327,3
SRR29489854,3
SRR29491144,3
SRR7281713,3
SRR29480562,3
SRR31470655,3
SRR29463088,3
SRR31466764,3
SRR29440018,3
SRR5061590,3
SRR29447681,4
SRR29508418,4
SRR29508600,4
SRR29450677,4
SRR29458905,4
SRR31467139,4
SRR9087018,4
SRR7282817,4
SRR29447737,4
SRR29507732,4
SRR29447747,4
SRR7283530,4
SRR29489676,4
SRR29458676,4
SRR29491828,4
SRR5064303,4
SRR7282052,4
SRR9082427,4
SRR31470747,4
SRR31466752,4
SRR5063478,4
SRR29489657,4
SRR29439944,4
SRR7283434,4
SRR29463261,4
SRR29450348,4
SRR29475987,4
SRR7283467,4
SRR29489815,4
SRR7283267,4
SRR31470811,4
SRR29508867,4
SRR5064467,4
SRR7281622,4
SRR29480764,4
SRR29508039,4
SRR9088022,4
SRR29491413,4
SRR29439788,4
SRR9088030,4
SRR9083169,4
SRR5063275,4
SRR29480142,4
SRR5063548,4
SRR29489205,4
SRR5062538,4
SRR29447169,4
SRR29463418,4
SRR9088424,4
SRR29489392,4
SRR29507294,4
SRR29458764,4
SRR29480666,4
SRR29447367,4
SRR7282689,4
SRR29451040,4
SRR29480149,4
SRR5061242,4
SRR7281758,4
SRR9087127,4
SRR5061585,4
SRR9088264,4
SRR9082830,4
SRR7283310,4
SRR7282785,4
SRR29458907,4
SRR29476217,4
SRR31505230,4
SRR5062639,4
SRR29463211,4
SRR29462955,4
SRR29450424,4
SRR29440342,4
SRR29459456,4
SRR29458900,4
SRR7281953,4
SRR7283177,4
SRR5063293,4
SRR29447006,4
SRR29459095,4
SRR29508339,4
SRR31470550,4
SRR9087045,4
SRR29459213,4
SRR29450606,4
SRR29508622,4
SRR7283922,4
SRR9082746,4
SRR29440434,4
SRR5064380,4
SRR29489110,4
SRR9088533,4
SRR29489393,4
SRR29480233,4
SRR29458634,4
SRR29440078,4
SRR29507241,4
SRR29508549,4
SRR29508206,4
SRR29491094,4
SRR29450602,4
SRR5063616,4
SRR29489656,4
SRR29463255,4
SRR7283535,5
SRR29447216,5
SRR29447968,5
SRR9088411,5
SRR29506996,5
SRR7282335,5
SRR9083046,5
SRR7281529,5
SRR29463393,5
SRR29447845,5
SRR29491835,5
SRR29508357,5
SRR9082867,5
SRR29459546,5
SRR31471054,5
SRR29459290,5
SRR29508785,5
SRR5061244,5
SRR29450593,5
SRR5063742,5
SRR9087919,5
SRR5062287,5
SRR29506959,5
SRR9088589,5
SRR29458836,5
SRR7282008,5
SRR5061139,5
SRR29506767,5
SRR29508875,5
SRR29489268,5
SRR5062371,5
SRR29459561,5
SRR7283915,5
SRR29458776,5
SRR29450403,5
SRR29450205,5
SRR5061219,5
SRR29491199,5
SRR29664822,5
SRR29450717,5
SRR31471127,5
SRR5061628,5
SRR7282259,5
SRR29508634,5
SRR9088577,5
SRR29459111,5
SRR5061648,5
SRR5063302,5
SRR29475827,5
SRR9082454,5
SRR29480903,5
SRR31471049,5
SRR29506973,5
SRR29508228,5
SRR9083185,5
SRR29508381,5
SRR31470437,5
SRR31471053,5
SRR29508473,5
SRR9083181,5
SRR29458899,5
SRR5062271,5
SRR31505133,5
SRR31467346,5
SRR29507059,5
SRR29491162,5
SRR9082575,5
SRR29489583,5
SRR29489292,5
SRR29508484,5
SRR29459527,5
SRR29508923,5
SRR7282988,5
SRR29447097,5
SRR9082490,5
SRR9088708,5
SRR5062463,5
SRR29508494,5
SRR5064173,5
SRR29489593,5
SRR7282456,5
SRR29506829,5
SRR29491784,5
SRR29462877,5
SRR29447003,5
SRR9082510,5
SRR9088818,6
SRR9088476,6
SRR5061137,6
SRR9088646,6
SRR29506878,6
SRR29459268,6
SRR9082831,6
SRR9088326,6
SRR9087949,6
SRR29489273,6
SRR7281809,6
SRR7282742,6
SRR29489491,6
SRR7283032,6
SRR9088377,6
SRR29480328,6
SRR31505146,6
SRR29458675,6
SRR29508919,6
SRR9083235,6
SRR29480845,6
SRR29507272,6
SRR29508896,6
SRR5062407,6
SRR31466947,6
SRR29489522,6
SRR5064065,6
SRR9087924,6
SRR29459130,6
SRR31466811,6
SRR31470604,6
SRR29463252,6
SRR29459283,6
SRR5061465,6
SRR5064546,6
SRR29462866,6
SRR29463115,6
SRR29458949,6
SRR29508248,6
SRR29664802,6
SRR29507807,6
SRR9088160,6
SRR9088550,6
SRR31471159,6
SRR5061245,6
SRR29508637,6
SRR7283959,6
SRR29491656,6
SRR29440179,6
SRR5063433,6
SRR31466895,6
SRR29480330,6
SRR29489861,6
SRR31467344,6
SRR29459040,6
SRR29491205,6
SRR7281873,6
SRR7283148,6
SRR29447565,6
SRR31470460,6
SRR5061645,6
SRR9088751,6
SRR29440074,6
SRR29491544,6
SRR29463303,6
SRR7282397,6
SRR9082858,6
SRR29462880,6
SRR29508645,6
SRR7281577,6
SRR29447713,6
SRR7283033,6
SRR5063533,6
SRR29476116,6
SRR29462961,6
SRR29463170,6
SRR29491635,6
SRR29491715,6
SRR29476238,6
SRR7281609,6
SRR29489290,6
SRR29507053,6
SRR29450402,6
SRR7283850,6
SRR29459223,6
SRR29480644,7
SRR29480962,7
SRR31467263,7
SRR29508931,7
SRR31471075,7
SRR29489763,7
SRR9082432,7
SRR29458827,7
SRR29489703,7
SRR29507313,7
SRR31505205,7
SRR29508711,7
SRR29508545,7
SRR29508496,7
SRR29463245,7
SRR9088611,7
SRR29489786,7
SRR29462921,7
SRR29489765,7
SRR29508897,7
SRR31470326,7
SRR29489767,7
SRR29450334,7
SRR29491362,7
SRR7282825,7
SRR29489597,7
SRR29463096,7
SRR7282716,7
SRR29506676,7
SRR31467124,7
SRR29491766,7
SRR29463258,7
SRR29491509,7
SRR31467457,7
SRR29463648,7
SRR29507846,7
SRR29439894,7
SRR29491369,7
SRR29459078,7
SRR29458969,7
SRR31470712,7
SRR29507317,7
SRR29489857,7
SRR29480384,7
SRR29458877,7
SRR31471109,7
SRR29458926,7
SRR29491524,7
SRR7281769,7
SRR29447036,7
SRR29506750,7
SRR5063402,7
SRR29507283,7
SRR29458886,7
SRR29480095,7
SRR31466855,7
SRR29476121,7
SRR29491033,7
SRR29458898,7
SRR7282729,7
SRR29475990,7
SRR7283161,7
SRR29489934,7
SRR29440095,7
SRR29462913,7
SRR7282720,7
SRR7283031,7
SRR29480130,7
SRR29480318,7
SRR31470514,7
SRR29489860,7
SRR29506764,7
SRR9088142,7
SRR29507239,7
SRR29458624,7
SRR7283010,7
SRR9088224,7
SRR29447322,7
SRR29489859,7
SRR31471253,7
SRR31470768,7
SRR29507044,7
SRR31471057,7
SRR5061362,8
SRR9088449,8
SRR9088024,8
SRR29508527,8
SRR29506803,8
SRR5064421,8
SRR7283417,8
SRR29458647,8
SRR29480017,8
SRR31470652,8
SRR29458978,8
SRR7281632,8
SRR9088283,8
SRR5064301,8
SRR9082916,8
SRR29463450,8
SRR29458754,8
SRR29480642,8
SRR29491736,8
SRR9088199,8
SRR5062653,8
SRR5062363,8
SRR5064427,8
SRR29489450,8
SRR5061680,8
SRR5062226,8
SRR9083026,8
SRR9087048,8
SRR9083226,8
SRR29440046,8
SRR29450799,8
SRR5062340,8
SRR29489852,8
SRR5064067,8
SRR9088152,8
SRR9082912,8
SRR29506636,8
SRR5062324,8
SRR29508937,8
SRR29463505,8
SRR29451044,8
SRR29664812,8
SRR31467322,8
SRR29480485,8
SRR9088125,8
SRR29440408,8
SRR9087912,9
SRR5063340,9
SRR5063606,9
SRR29458643,9
SRR9088366,9
SRR31467374,9
SRR29507131,9
SRR31471300,9
SRR29447720,9
SRR5061116,9
SRR5063726,9
SRR5063523,9
SRR29447224,9
SRR31502751,9
SRR29447095,9
SRR5061472,9
SRR7282667,9
SRR29463250,9
SRR29450297,9
SRR29664753,9
SRR5063458,9
SRR7282015,9
SRR5063287,9
SRR29489584,9
SRR29462689,9
SRR29664622,9
SRR29480412,10
SRR29450349,10
SRR29450103,10
SRR29508533,10
SRR5061112,10
SRR9082646,10
SRR31471144,10
SRR9088060,10
SRR29463299,10
SRR29508290,10
SRR7282475,10
SRR7283346,10
SRR29450175,10
SRR29447493,10
SRR29475962,10
SRR9087118,10
SRR29489795,10
SRR29489307,11
SRR29480819,11
SRR29459013,11
SRR29458943,11
SRR29450991,11
SRR31470889,11
SRR29491539,11
SRR29489320,11
SRR29664631,12
SRR29664952,12
SRR29450204,12
SRR31466618,12
SRR9088694,12
SRR9088473,12
SRR31466611,12
SRR31505134,12
SRR5063354,13
SRR9082963,13
SRR31467137,13
SRR29440070,13
SRR5062212,13
SRR29459281,13
SRR29506956,13
SRR7283371,14
SRR7283255,14
SRR9082816,14
SRR5063775,14
SRR9088770,15
SRR9088511,15
SRR29508528,15
SRR29447292,15
SRR9082862,16
SRR29439804,16
SRR29475504,16
SRR9082486,17
SRR9088259,17
SRR31505199,18
SRR9082809,18
SRR29508159,19
SRR29508480,19
SRR7284015,20
SRR7282722,21
SRR7281702,22
SRR5062505,23
SRR5061526,24
SRR31470451,25
SRR31467404,26
SRR31467109,27
SRR31466914,28
SRR29491722,29
SRR29491156,30
SRR29489643,31
SRR29480535,32
SRR29476211,33
SRR29462739,34
SRR29458909,35
