Node	Total SNPs	Number of SNPs Inside Recombinations	Number of SNPs Outside Recombinations	Number of Recombination Blocks	Bases in Recombinations Including Gaps	Cumulative Bases in Recombinations Including Gaps	Bases in Recombinations Excluding Gaps	Cumulative Bases in Recombinations Excluding Gaps	r/m	rho/theta	Genome Length	Bases in Clonal Frame
SRR29439575	30	0	30	0	0	35632	0	4454	0.000000	0.000000	2021116	1986914
SRR29439621	32	0	32	0	0	124969	0	20552	0.000000	0.000000	2043540	1920793
SRR29439650	25	4	21	1	9	82818	9	16392	0.190476	0.047619	2033523	1951351
SRR29439862	23	3	20	1	305	35882	188	19790	0.150000	0.050000	2063063	2028939
SRR29439881	51	10	41	2	7171	102204	2239	52995	0.243902	0.048780	2083979	1987048
SRR29439896	56	9	47	1	10	80428	10	22013	0.191489	0.021277	2078945	2000138
SRR29439909	31	0	31	0	0	79962	0	6257	0.000000	0.000000	2025578	1947212
SRR29439914	54	4	50	1	12	82821	12	37139	0.080000	0.020000	2094689	2012295
SRR29439952	40	3	37	1	3	1852	3	1852	0.081081	0.027027	2067173	2065324
SRR29439954	93	9	84	2	49	35617	43	4698	0.107143	0.023810	2025789	1991641
SRR29439970	60	15	45	3	143	97060	140	17510	0.333333	0.066667	2040512	1943882
SRR29440038	15	3	12	1	210	97172	178	55297	0.250000	0.083333	2092361	1997091
SRR29440098	23	0	23	0	0	104785	0	17664	0.000000	0.000000	2041428	1937443
SRR29440276	27	0	27	0	0	35568	0	4432	0.000000	0.000000	2022746	1988604
SRR29440309	22	3	19	1	3	35580	3	20662	0.157895	0.052632	2079268	2045115
SRR29440315	29	3	26	1	8	43865	8	4520	0.115385	0.038462	2021915	1979533
SRR29440324	26	5	21	1	9	104794	9	17733	0.238095	0.047619	2038628	1934787
SRR29440452	49	0	49	0	0	35568	0	4691	0.000000	0.000000	2026158	1992012
SRR29440457	42	0	42	0	0	98791	0	6690	0.000000	0.000000	2020329	1923167
SRR29440466	42	0	42	0	0	96971	0	54398	0.000000	0.000000	2086395	1991298
SRR29440535	79	65	14	1	1749	149537	1192	19552	4.642857	0.071429	2023167	1875892
SRR29446982	109	69	40	1	1826	83132	1461	25578	1.725000	0.025000	2069960	1987698
SRR29446988	1	0	1	0	0	79962	0	6238	0.000000	0.000000	2025327	1947016
SRR29446989	8	5	3	1	9	79971	9	6369	1.666667	0.333333	2021653	1943357
SRR29446990	31	0	31	0	0	79971	0	6025	0.000000	0.000000	2005098	1927064
SRR29446991	44	0	44	0	0	79962	0	8986	0.000000	0.000000	2048430	1970071
SRR29446992	40	0	40	0	0	98791	0	19031	0.000000	0.000000	2038167	1941154
SRR29446996	52	8	44	1	12405	42551	6689	11068	0.181818	0.022727	2040611	2006496
SRR29447030	77	50	27	1	1915	80896	1438	40279	1.851852	0.037037	2074464	1995754
SRR29447069	92	12	80	3	1119	83796	1116	17497	0.150000	0.037500	2042222	1960334
SRR29447089	39	3	36	1	3	87801	3	16387	0.083333	0.027778	2043846	1956410
SRR29447093	29	0	29	0	0	124969	0	20279	0.000000	0.000000	2037165	1914528
SRR29447094	22	0	22	0	0	124978	0	21009	0.000000	0.000000	2046979	1924042
SRR29447096	70	0	70	0	0	35568	0	4503	0.000000	0.000000	2011764	1977646
SRR29447147	36	9	27	1	23	35655	23	4685	0.333333	0.037037	2022221	1988029
SRR29447184	191	124	67	3	9639	96971	8658	61918	1.850746	0.044776	2099995	2004859
SRR29447190	31	0	31	0	0	124969	0	21023	0.000000	0.000000	2045604	1922773
SRR29447278	13	5	8	1	9	88040	9	29841	0.625000	0.125000	2066063	1978826
SRR29447279	5	4	1	1	6872	42270	2622	11192	4.000000	1.000000	2049438	2012336
SRR29447280	37	7	30	1	7	35584	7	17646	0.233333	0.033333	2049736	2015598
SRR29447281	21	0	21	0	0	98124	0	17304	0.000000	0.000000	2046553	1948848
SRR29447289	19	0	19	0	0	35577	0	20600	0.000000	0.000000	2079390	2045242
SRR29447305	31	9	22	2	245	99036	67	51461	0.409091	0.090909	2083211	1986239
SRR29447361	36	0	36	0	0	95701	0	16389	0.000000	0.000000	2034118	1939144
SRR29447403	71	6	65	2	41	97085	41	16424	0.092308	0.030769	2043072	1946412
SRR29447409	20	4	16	1	9	38527	9	9209	0.250000	0.062500	2048987	2011881
SRR29447473	58	5	53	1	9	80427	9	21221	0.094340	0.018868	2069171	1990606
SRR29447525	12	0	12	0	0	104794	0	17696	0.000000	0.000000	2028228	1924756
SRR29447548	18	0	18	0	0	98124	0	17134	0.000000	0.000000	2032271	1934990
SRR29447580	48	0	48	0	0	97178	0	16384	0.000000	0.000000	2042555	1945731
SRR29447613	4	0	4	0	0	38155	0	4608	0.000000	0.000000	2001818	1965362
SRR29447616	24	3	21	1	8	95701	8	16458	0.142857	0.047619	2043984	1948723
SRR29447649	34	7	27	2	12	82129	12	6608	0.259259	0.074074	2022605	1942122
SRR29447701	47	7	40	2	31	97075	31	16415	0.175000	0.050000	2039599	1943142
SRR29447778	27	0	27	0	0	97074	0	18145	0.000000	0.000000	2037268	1940818
SRR29447848	45	0	45	0	0	98791	0	6690	0.000000	0.000000	2024552	1927352
SRR29447893	34	0	34	0	0	97044	0	14544	0.000000	0.000000	2020033	1923653
SRR29447917	0	0	0	0	0	38155	0	5162	0.000000	0.000000	2026350	1989617
SRR29447934	34	3	31	1	32	125010	32	20935	0.096774	0.032258	2046631	1923718
SRR29450120	14	5	9	1	9	38155	9	5060	0.555556	0.111111	2022483	1985766
SRR29450143	20	0	20	0	0	35577	0	17596	0.000000	0.000000	2052239	2018090
SRR29450159	26	0	26	0	0	95701	0	28868	0.000000	0.000000	2051463	1956626
SRR29450161	29	3	26	1	8	104793	8	17705	0.115385	0.038462	2038299	1934300
SRR29450248	22	0	22	0	0	35577	0	4735	0.000000	0.000000	2028336	1994188
SRR29450301	18	0	18	0	0	82818	0	29779	0.000000	0.000000	2074785	1992400
SRR29450333	7	0	7	0	0	53229	0	4551	0.000000	0.000000	2021245	1969560
SRR29450335	142	87	55	5	18965	88386	4320	17054	1.581818	0.090909	2023069	1935429
SRR29450336	24	4	20	1	9	35577	9	20632	0.200000	0.050000	2078322	2044178
SRR29450337	21	3	18	1	9	35632	9	4575	0.166667	0.055556	2025925	1991715
SRR29450340	26	0	26	0	0	35577	0	4504	0.000000	0.000000	2001166	1967029
SRR29450344	35	0	35	0	0	82809	0	16384	0.000000	0.000000	2042156	1959617
SRR29450363	83	4	79	1	6	35574	6	7012	0.050633	0.012658	2045386	2011253
SRR29450392	13	5	8	1	9	79971	9	6037	0.625000	0.125000	2021655	1943281
SRR29450399	40	3	37	1	7	38527	7	9110	0.081081	0.027027	2041592	2004511
SRR29450414	2	0	2	0	0	38155	0	9084	0.000000	0.000000	2052051	2015317
SRR29450453	31	0	31	0	0	80418	0	21222	0.000000	0.000000	2067356	1988705
SRR29450458	35	0	35	0	0	97044	0	16383	0.000000	0.000000	2036336	1939802
SRR29450485	38	4	34	1	9	82818	9	16388	0.117647	0.029412	2015356	1933949
SRR29450489	65	19	46	2	24132	119015	13251	62379	0.413043	0.043478	2068780	1971935
SRR29450543	25	5	20	1	9	104794	9	17739	0.250000	0.050000	2041246	1937145
SRR29450554	15	0	15	0	0	104793	0	17618	0.000000	0.000000	2038930	1935002
SRR29450575	25	0	25	0	0	43857	0	4394	0.000000	0.000000	2012965	1970760
SRR29450601	28	4	24	1	9	98929	9	39372	0.166667	0.041667	2062321	1965005
SRR29450603	41	0	41	0	0	82809	0	37313	0.000000	0.000000	2097335	2014805
SRR29450604	43	7	36	2	41	125052	41	20234	0.194444	0.055556	2038338	1915596
SRR29450605	1	0	1	0	0	82828	0	29703	0.000000	0.000000	2080255	1997670
SRR29450616	44	0	44	0	0	98791	0	17539	0.000000	0.000000	2013327	1916481
SRR29450630	39	8	31	2	13	124978	13	20616	0.258065	0.064516	2044238	1921338
SRR29450711	41	5	36	1	9	124978	9	16651	0.138889	0.027778	1707255	1603630
SRR29450739	43	6	37	1	6	88322	6	16390	0.162162	0.027027	2041643	1953819
SRR29450798	43	13	30	2	7617	131777	2535	21244	0.433333	0.066667	1986890	1866375
SRR29450823	35	5	30	1	17	98920	14	52541	0.166667	0.033333	2092243	1994953
SRR29450834	81	51	30	2	1718	126687	761	21603	1.700000	0.066667	2047176	1924159
SRR29450835	43	10	33	2	8586	86473	3541	37979	0.303030	0.060606	2086690	2004678
SRR29450987	4	0	4	0	0	38155	0	8362	0.000000	0.000000	2045351	2008631
SRR29451008	26	0	26	0	0	87798	0	16384	0.000000	0.000000	2038265	1951056
SRR29451020	19	0	19	0	0	35577	0	20403	0.000000	0.000000	2077091	2042937
SRR29458628	32	6	26	1	9368	42068	3782	9864	0.230769	0.038462	2036100	1999075
SRR29458639	26	6	20	1	34	82843	34	16416	0.300000	0.050000	2035314	1953126
SRR29458660	34	0	34	0	0	82809	0	29203	0.000000	0.000000	2002415	1923114
SRR29458662	31	4	27	1	75	98199	73	16888	0.148148	0.037037	1969867	1875500
SRR29458719	260	181	79	4	42394	70666	14908	19252	2.291139	0.050633	1987670	1953618
SRR29458734	139	110	29	2	14178	84511	5591	21885	3.793103	0.068966	1962973	1884589
SRR29458801	44	21	23	3	6555	127863	1651	20604	0.913043	0.130435	2019222	1897519
SRR29458805	44	9	35	1	12	35589	12	16704	0.257143	0.028571	1972371	1939244
SRR29458819	26	0	26	0	0	97074	0	16387	0.000000	0.000000	2035823	1939424
SRR29458887	9	4	5	1	9	98133	9	17114	0.800000	0.200000	2031724	1934399
SRR29458893	32	0	32	0	0	37608	0	5476	0.000000	0.000000	1993669	1957538
SRR29458901	21	11	10	2	28	98152	28	17185	1.100000	0.200000	2035310	1937855
SRR29458902	20	0	20	0	0	35577	0	17317	0.000000	0.000000	2018013	1984539
SRR29458906	9	0	9	0	0	124979	0	19243	0.000000	0.000000	2014922	1892882
SRR29458908	4	0	4	0	0	124979	0	19835	0.000000	0.000000	2030819	1908654
SRR29458910	23	7	16	1	8652	44229	7658	27887	0.437500	0.062500	2072978	2038870
SRR29458929	59	17	42	1	29464	149537	14892	32012	0.404762	0.023810	1873970	1759814
SRR29458934	24	0	24	0	0	82809	0	16381	0.000000	0.000000	2007091	1926246
SRR29458952	44	5	39	1	9	79971	9	5985	0.128205	0.025641	2019958	1941777
SRR29458957	34	0	34	0	0	82126	0	5555	0.000000	0.000000	1905738	1828339
SRR29458966	38	7	31	1	7	35639	7	4611	0.225806	0.032258	2020816	1986627
SRR29458972	30	0	30	0	0	35577	0	4577	0.000000	0.000000	2019589	1985451
SRR29458974	35	3	32	1	32	79994	32	6241	0.093750	0.031250	2026657	1948231
SRR29458976	243	140	103	1	23648	25497	22336	24182	1.359223	0.009709	2095297	2093451
SRR29458977	21	3	18	1	7	96969	4	55826	0.166667	0.055556	2100204	2004800
SRR29459000	54	0	54	0	0	79971	0	5809	0.000000	0.000000	1959218	1883279
SRR29459037	25	0	25	0	0	96962	0	52545	0.000000	0.000000	2071703	1976340
SRR29459109	23	0	23	0	0	38527	0	8193	0.000000	0.000000	2026039	1989016
SRR29459113	109	20	89	3	17435	110476	6984	49860	0.224719	0.033708	1974350	1881499
SRR29459239	28	0	28	0	0	35577	0	7132	0.000000	0.000000	2048955	2014800
SRR29459265	36	3	33	1	3	35635	3	4230	0.090909	0.030303	1974343	1940358
SRR29459324	23	4	19	1	9	82818	9	16371	0.210526	0.052632	2026869	1945176
SRR29459343	51	9	42	2	575	83384	301	29515	0.214286	0.047619	1969155	1891846
SRR29459383	47	3	44	1	10	145179	9	32006	0.068182	0.022727	2000141	1860529
SRR29459394	58	3	55	1	22	35654	22	4328	0.054545	0.018182	1942892	1909898
SRR29459433	44	0	44	0	0	87798	0	16141	0.000000	0.000000	2006082	1919751
SRR29459448	48	3	45	1	3	98932	3	50961	0.066667	0.022222	2077230	1980251
SRR29459455	28	0	28	0	0	98133	0	17118	0.000000	0.000000	2029959	1932539
SRR29459492	24	0	24	0	0	82809	0	37513	0.000000	0.000000	2098911	2016499
SRR29459514	54	3	51	1	9	97053	9	16393	0.058824	0.019608	2010370	1915082
SRR29459538	68	35	33	4	13019	89035	5618	43035	1.060606	0.121212	2061967	1983378
SRR29462719	29	0	29	0	0	124978	0	20765	0.000000	0.000000	2044021	1921259
SRR29462740	29	0	29	0	0	97044	0	17663	0.000000	0.000000	2034477	1937820
SRR29462928	42	0	42	0	0	1849	0	1831	0.000000	0.000000	2024334	2022586
SRR29462996	24	8	16	2	46	80008	46	6142	0.500000	0.125000	2017885	1939716
SRR29462999	65	11	54	2	3192	83154	3187	12103	0.203704	0.037037	2045243	1966964
SRR29463009	29	0	29	0	0	124977	0	20845	0.000000	0.000000	2047612	1924672
SRR29463108	13	0	13	0	0	38155	0	4793	0.000000	0.000000	2018274	1981596
SRR29463133	23	7	16	2	12	124981	12	18019	0.437500	0.125000	2010766	1888667
SRR29463194	341	312	29	4	39588	108406	15052	22380	10.758620	0.137931	2036740	1958380
SRR29463200	53	12	41	2	32	35600	32	4598	0.292683	0.048780	2026546	1992400
SRR29463201	22	0	22	0	0	125639	0	22504	0.000000	0.000000	2047944	1924375
SRR29463207	22	0	22	0	0	82812	0	29695	0.000000	0.000000	2063161	1981199
SRR29463220	38	6	32	1	8817	84138	4329	10981	0.187500	0.031250	2046577	1967787
SRR29463249	4	0	4	0	0	79962	0	6211	0.000000	0.000000	2023644	1945374
SRR29463260	24	3	21	1	9	104794	9	17613	0.142857	0.047619	2027742	1924086
SRR29463315	31	12	19	2	14067	135597	7620	27125	0.631579	0.105263	2030453	1908368
SRR29463361	118	55	63	2	5665	97065	4422	23946	0.873016	0.031746	2044101	1947706
SRR29463370	3	3	0	1	9	104794	9	19073	0.000000	0.000000	2046060	1942081
SRR29463371	4	0	4	0	0	104785	0	18940	0.000000	0.000000	2037945	1934438
SRR29463372	41	17	24	3	5476	102447	3340	57859	0.708333	0.125000	2086234	1991284
SRR29463396	26	0	26	0	0	97074	0	17451	0.000000	0.000000	2024478	1928312
SRR29463417	117	46	71	4	10884	82991	7065	25466	0.647887	0.056338	2059401	1977844
SRR29463436	30	0	30	0	0	82809	0	16321	0.000000	0.000000	2037290	1955297
SRR29463453	48	0	48	0	0	35577	0	4692	0.000000	0.000000	2027036	1992880
SRR29463454	16	0	16	0	0	98800	0	49996	0.000000	0.000000	2072168	1974941
SRR29463458	26	0	26	0	0	82809	0	29761	0.000000	0.000000	2070122	1988017
SRR29463463	17	0	17	0	0	98124	0	17043	0.000000	0.000000	2033565	1936214
SRR29463583	15	0	15	0	0	104785	0	17743	0.000000	0.000000	2043611	1939499
SRR29463611	27	3	24	1	397	82514	397	9864	0.125000	0.041667	2047214	1966914
SRR29463671	99	8	91	2	13	35581	13	2095	0.087912	0.021978	2022293	1988181
SRR29475330	25	0	25	0	0	104793	0	18863	0.000000	0.000000	2041869	1937781
SRR29475353	9	0	9	0	0	98124	0	15346	0.000000	0.000000	2022062	1924471
SRR29475770	36	0	36	0	0	43857	0	12696	0.000000	0.000000	2030157	1987997
SRR29475856	100	5	95	1	9	35577	9	4405	0.052632	0.010526	2004687	1970604
SRR29475857	23	3	20	1	9	98133	9	17066	0.150000	0.050000	2028294	1931199
SRR29475870	170	108	62	2	26872	87798	7699	25293	1.741935	0.032258	2032642	1946179
SRR29475871	39	0	39	0	0	97074	0	17322	0.000000	0.000000	1979093	1884671
SRR29475896	27	0	27	0	0	124969	0	20286	0.000000	0.000000	2030625	1908420
SRR29475904	94	33	61	5	15740	112564	7571	53038	0.540984	0.081967	1956071	1865050
SRR29475909	45	5	40	1	1669	106454	1497	19583	0.125000	0.025000	1922608	1824559
SRR29475936	50	4	46	1	9	98929	9	49033	0.086957	0.021739	2043567	1948392
SRR29476024	43	8	35	2	61	82870	61	16444	0.228571	0.057143	2030474	1948747
SRR29476040	17	3	14	1	3	98132	3	16951	0.214286	0.071429	2019031	1922010
SRR29476080	28	3	25	1	522	125499	202	20485	0.120000	0.040000	2026950	1904718
SRR29476117	151	117	34	2	19378	51394	10967	17173	3.441176	0.058824	2037912	2003782
SRR29476180	19	3	16	1	9	104794	9	28466	0.187500	0.062500	2050553	1947205
SRR29476232	11	0	11	0	0	82840	0	16412	0.000000	0.000000	2025469	1943347
SRR29479972	16	0	16	0	0	98124	0	17171	0.000000	0.000000	2038731	1941219
SRR29480032	21	5	16	1	10	82819	10	16394	0.312500	0.062500	2045507	1962998
SRR29480053	24	6	18	1	12	87933	12	16392	0.333333	0.055556	2035663	1948368
SRR29480059	101	53	48	2	982	97052	497	17336	1.104167	0.041667	2024940	1929127
SRR29480071	29	0	29	0	0	1849	0	1833	0.000000	0.000000	2034975	2033127
SRR29480118	29	6	23	1	10443	45401	5942	12854	0.260870	0.043478	2035082	2000948
SRR29480222	41	11	30	2	16	98140	16	24021	0.366667	0.066667	2056213	1958739
SRR29480223	20	0	20	0	0	99272	0	6802	0.000000	0.000000	2013928	1916620
SRR29480239	31	4	27	1	9	82818	9	16393	0.148148	0.037037	2040762	1958419
SRR29480322	38	0	38	0	0	82126	0	6252	0.000000	0.000000	2003644	1923423
SRR29480323	27	6	21	1	9	97083	9	16396	0.285714	0.047619	2029221	1932903
SRR29480324	30	0	30	0	0	124969	0	20067	0.000000	0.000000	2020779	1899223
SRR29480326	15	0	15	0	0	79971	0	6047	0.000000	0.000000	2022346	1943994
SRR29480329	45	0	45	0	0	79971	0	8366	0.000000	0.000000	2037850	1959658
SRR29480331	73	0	73	0	0	35577	0	4315	0.000000	0.000000	2016343	1982211
SRR29480343	18	0	18	0	0	149537	0	31211	0.000000	0.000000	1960835	1819739
SRR29480344	30	0	30	0	0	124986	0	20554	0.000000	0.000000	2043506	1920670
SRR29480379	32	5	27	1	241	38768	62	8830	0.185185	0.037037	2038843	2001780
SRR29480467	35	0	35	0	0	82117	0	8756	0.000000	0.000000	2042197	1961866
SRR29480489	46	15	31	1	19441	139661	7799	25675	0.483871	0.032258	1767579	1657657
SRR29480581	33	0	33	0	0	104793	0	17514	0.000000	0.000000	2018576	1915467
SRR29480589	24	0	24	0	0	98133	0	17027	0.000000	0.000000	2031076	1933654
SRR29480639	69	0	69	0	0	35568	0	17395	0.000000	0.000000	2016543	1982862
SRR29480702	21	0	21	0	0	35577	0	4044	0.000000	0.000000	2004600	1970783
SRR29480712	44	0	44	0	0	35577	0	4687	0.000000	0.000000	2027186	1993031
SRR29480754	27	0	27	0	0	82809	0	29697	0.000000	0.000000	2071024	1988779
SRR29480805	22	0	22	0	0	104785	0	17639	0.000000	0.000000	2025050	1921755
SRR29480875	67	12	55	3	16	87814	16	16399	0.218182	0.054545	2042735	1955328
SRR29480924	87	11	76	2	14	35591	14	6981	0.144737	0.026316	2035571	2001459
SRR29488951	19	0	19	0	0	124969	0	17946	0.000000	0.000000	2008272	1886341
SRR29488956	51	7	44	2	8	1857	8	1856	0.159091	0.045455	2013475	2011629
SRR29488997	54	0	54	0	0	82117	0	6696	0.000000	0.000000	2022755	1942364
SRR29488999	37	5	32	1	5415	40992	3391	23494	0.156250	0.031250	2070404	2036270
SRR29489000	39	0	39	0	0	124969	0	20619	0.000000	0.000000	2043774	1920964
SRR29489075	20	0	20	0	0	124969	0	18122	0.000000	0.000000	2025562	1902659
SRR29489104	57	0	57	0	0	87798	0	24540	0.000000	0.000000	2060547	1973524
SRR29489177	53	4	49	1	9	79971	9	5999	0.081633	0.020408	2017127	1938895
SRR29489178	46	3	43	1	3	124972	3	22054	0.069767	0.023256	2044610	1921976
SRR29489203	18	0	18	0	0	98133	0	17211	0.000000	0.000000	2041910	1944279
SRR29489240	18	6	12	1	7010	126497	3023	21010	0.500000	0.083333	2045984	1923010
SRR29489301	15	4	11	1	9	87930	9	16389	0.363636	0.090909	2035350	1948324
SRR29489311	31	0	31	0	0	124978	0	22262	0.000000	0.000000	2050479	1927562
SRR29489360	31	9	22	1	10955	130724	5408	23967	0.409091	0.045455	2038752	1916444
SRR29489411	10	5	5	1	9	124978	9	21589	1.000000	0.200000	2054507	1931282
SRR29489422	3	0	3	0	0	124969	0	21517	0.000000	0.000000	2054339	1931218
SRR29489427	73	6	67	1	20	87815	16	16400	0.089552	0.014925	2041652	1954301
SRR29489563	63	0	63	0	0	88316	0	16384	0.000000	0.000000	2039068	1951385
SRR29489585	28	10	18	1	76	125062	76	20607	0.555556	0.055556	2044424	1921434
SRR29489612	398	350	48	5	45519	115890	33059	91889	7.291667	0.104167	2108654	2012225
SRR29489626	38	3	35	1	3	98803	3	49708	0.085714	0.028571	2064729	1967675
SRR29489637	35	5	30	1	9	97083	9	16397	0.166667	0.033333	2042166	1945474
SRR29489704	48	16	32	3	7640	128870	2032	21338	0.500000	0.093750	2020992	1898918
SRR29489745	130	22	108	2	3652	3652	3649	3649	0.203704	0.018519	2034206	2034206
SRR29489770	39	0	39	0	0	98124	0	17138	0.000000	0.000000	2043085	1945376
SRR29489794	40	15	25	2	11183	87488	5822	12161	0.600000	0.080000	2041694	1961342
SRR29489853	33	4	29	1	9	82818	9	16392	0.137931	0.034483	2029385	1947432
SRR29489855	25	14	11	3	12490	134011	5611	25952	1.272727	0.272727	2027311	1905242
SRR29489863	59	10	49	2	556	97600	198	16581	0.204082	0.040816	2036522	1940193
SRR29489901	57	13	44	2	5334	130303	4370	25051	0.295455	0.045455	2049355	1926318
SRR29489929	300	248	52	3	6595	131564	6120	26513	4.769231	0.057692	2040389	1917679
SRR29491097	73	10	63	1	1446	88031	1446	29801	0.158730	0.015873	2062387	1975280
SRR29491119	26	0	26	0	0	79970	0	6042	0.000000	0.000000	2019187	1941033
SRR29491157	38	0	38	0	0	87795	0	16384	0.000000	0.000000	2030042	1943175
SRR29491160	177	75	102	3	36768	87795	8319	24688	0.735294	0.029412	2055202	1968169
SRR29491201	76	18	58	1	20470	156737	9288	61660	0.310345	0.017241	2025298	1883551
SRR29491210	91	14	77	3	8238	91364	3594	24626	0.181818	0.038961	2049395	1962558
SRR29491267	34	0	34	0	0	125020	0	17836	0.000000	0.000000	1985395	1865080
SRR29491285	22	0	22	0	0	97074	0	23712	0.000000	0.000000	2055714	1959238
SRR29491391	19	5	14	1	4444	104785	2800	24626	0.357143	0.071429	2042859	1941748
SRR29491405	54	0	54	0	0	35568	0	4414	0.000000	0.000000	2013624	1979502
SRR29491421	26	11	15	3	16	98140	16	16571	0.733333	0.200000	1949764	1856721
SRR29491470	46	7	39	1	3305	128283	2548	23113	0.179487	0.025641	2042452	1919614
SRR29491488	51	3	48	1	9	97053	9	16381	0.062500	0.020833	2036778	1940348
SRR29491495	125	92	33	1	56961	104801	16512	20484	2.787879	0.030303	2042724	1938773
SRR29491525	37	0	37	0	0	79962	0	6660	0.000000	0.000000	1962492	1885682
SRR29491526	3	0	3	0	0	35568	0	4443	0.000000	0.000000	2013794	1979678
SRR29491527	1	0	1	0	0	35568	0	4473	0.000000	0.000000	2013976	1979847
SRR29491543	28	0	28	0	0	98124	0	17090	0.000000	0.000000	2032052	1934717
SRR29491581	30	8	22	2	22	35632	22	4590	0.363636	0.090909	2020811	1986618
SRR29491664	44	5	39	1	13	104814	10	17529	0.128205	0.025641	1965058	1864555
SRR29491676	26	4	22	1	9	53229	9	15855	0.181818	0.045455	1997604	1947381
SRR29491677	30	3	27	1	9	98133	9	17060	0.111111	0.037037	2024446	1927513
SRR29491737	42	15	27	3	26	82143	21	8598	0.555556	0.111111	2039111	1958832
SRR29491783	64	7	57	1	15	35592	15	4398	0.122807	0.017544	2020716	1986584
SRR29491798	57	22	35	3	30	35598	30	17542	0.628571	0.085714	2034395	2000418
SRR29491819	50	7	43	1	4025	101099	3977	20348	0.162791	0.023256	2006983	1911805
SRR29491823	26	0	26	0	0	98124	0	16899	0.000000	0.000000	1941512	1847702
SRR29491946	26	10	16	2	1037	124978	628	19266	0.625000	0.125000	2019024	1896239
SRR29491968	158	128	30	1	2554	79971	1416	8422	4.266667	0.033333	2045754	1967465
SRR29491969	23	0	23	0	0	124969	0	20122	0.000000	0.000000	2036269	1913757
SRR29492024	29	4	25	1	9	98133	9	17027	0.160000	0.040000	2021479	1924671
SRR29506618	33	0	33	0	0	96962	0	41270	0.000000	0.000000	2059612	1964498
SRR29506763	38	10	28	1	2116	37693	2116	20098	0.357143	0.035714	2067351	2033195
SRR29506765	46	0	46	0	0	35577	0	4685	0.000000	0.000000	2028555	1994398
SRR29506787	56	7	49	2	17	88333	17	17112	0.142857	0.040816	2034511	1946928
SRR29506792	32	8	24	2	73	98800	62	48154	0.333333	0.083333	2046497	1950065
SRR29506794	34	3	31	1	7	124976	7	20101	0.096774	0.032258	2031442	1909313
SRR29506833	31	13	18	1	4879	145395	4042	55779	0.722222	0.055556	2050559	1907890
SRR29506884	101	41	60	3	1383	87938	787	17201	0.683333	0.050000	1938341	1854950
SRR29507157	116	62	54	2	1804	88407	1169	17581	1.148148	0.037037	2038628	1951214
SRR29507173	57	18	39	3	25112	56033	8677	26429	0.461538	0.076923	2020450	1986429
SRR29507203	58	10	48	2	7499	90308	5427	39649	0.208333	0.041667	2033232	1953341
SRR29507289	27	4	23	1	9	82818	9	16391	0.173913	0.043478	2034061	1952062
SRR29507292	28	3	25	1	22	98151	22	17106	0.120000	0.040000	2032371	1935142
SRR29507330	174	134	40	3	9262	96962	8343	58991	3.350000	0.075000	2049559	1955968
SRR29507359	28	0	28	0	0	80418	0	38584	0.000000	0.000000	2057746	1979031
SRR29507384	24	4	20	1	4	124973	4	17910	0.200000	0.050000	2000390	1878800
SRR29507450	53	3	50	1	9	82818	9	16334	0.060000	0.020000	2021076	1939438
SRR29507543	57	10	47	2	7355	100816	1985	55529	0.212766	0.042553	2086067	1991006
SRR29507561	24	3	21	1	9	98138	9	18302	0.142857	0.047619	2034274	1936954
SRR29507600	48	9	39	2	13	79975	13	6052	0.230769	0.051282	2008241	1930182
SRR29507714	36	0	36	0	0	79962	0	6325	0.000000	0.000000	2026775	1948380
SRR29507730	46	11	35	2	19	97197	19	16401	0.314286	0.057143	2039737	1942983
SRR29507731	15	0	15	0	0	88031	0	29711	0.000000	0.000000	2059879	1972796
SRR29507756	32	3	29	1	8	95701	8	16430	0.103448	0.034483	2023627	1929224
SRR29507974	59	12	47	2	18	79980	16	33104	0.255319	0.042553	2012281	1935059
SRR29507983	70	7	63	2	33	80451	31	21214	0.111111	0.031746	2048910	1970481
SRR29508032	48	8	40	2	13	35581	13	20114	0.200000	0.050000	2077532	2043392
SRR29508045	350	321	29	2	20167	55623	15171	22374	11.068966	0.068966	2047886	2013773
SRR29508081	57	13	44	1	15156	136551	6722	26219	0.295455	0.022727	2032477	1909862
SRR29508122	25	0	25	0	0	98124	0	17037	0.000000	0.000000	2022503	1925336
SRR29508151	475	402	73	2	8351	42482	7637	14062	5.506849	0.027397	2019923	1986069
SRR29508155	54	0	54	0	0	35577	0	17499	0.000000	0.000000	2037907	2003804
SRR29508160	31	0	31	0	0	35568	0	4418	0.000000	0.000000	2016524	1982389
SRR29508164	54	4	50	1	10	35568	10	4699	0.080000	0.020000	2025146	1991005
SRR29508203	21	0	21	0	0	98124	0	17168	0.000000	0.000000	2028494	1931210
SRR29508234	38	0	38	0	0	88031	0	29825	0.000000	0.000000	2073187	1985666
SRR29508242	36	0	36	0	0	38527	0	17503	0.000000	0.000000	2042442	2005350
SRR29508347	78	49	29	2	2605	88249	1546	17994	1.689655	0.068966	2036230	1948757
SRR29508380	36	11	25	2	28	82837	28	29732	0.440000	0.080000	2060161	1978256
SRR29508409	150	110	40	3	4085	37024	2865	7129	2.750000	0.075000	2015644	1981585
SRR29508412	48	0	48	0	0	87921	0	16383	0.000000	0.000000	2028086	1940933
SRR29508511	39	0	39	0	0	88240	0	16713	0.000000	0.000000	2034167	1946751
SRR29508535	25	0	25	0	0	97044	0	16382	0.000000	0.000000	1988888	1894616
SRR29508538	72	22	50	3	23892	54672	12326	16840	0.440000	0.060000	2016919	1983252
SRR29508565	26	0	26	0	0	98133	0	17008	0.000000	0.000000	1997383	1901895
SRR29508573	73	10	63	1	1446	88031	1446	29888	0.158730	0.015873	2076814	1989186
SRR29508601	42	0	42	0	0	97044	0	16381	0.000000	0.000000	2032786	1936558
SRR29508602	38	0	38	0	0	125011	0	18009	0.000000	0.000000	2020235	1897383
SRR29508606	44	0	44	0	0	125011	0	18014	0.000000	0.000000	2018999	1896175
SRR29508650	35	0	35	0	0	124969	0	20609	0.000000	0.000000	2041406	1918723
SRR29508669	41	0	41	0	0	124969	0	20105	0.000000	0.000000	2023354	1901505
SRR29508673	89	8	81	2	21	97065	21	16391	0.098765	0.024691	2033204	1936793
SRR29508740	22	0	22	0	0	124978	0	17772	0.000000	0.000000	1997809	1875632
SRR29508756	33	3	30	1	8	124977	8	20162	0.100000	0.033333	2032931	1910642
SRR29508814	64	18	46	3	15690	105719	8049	53226	0.391304	0.065217	2066119	1969312
SRR29508846	30	3	27	1	8	104793	8	17613	0.111111	0.037037	2033445	1929876
SRR29508857	32	0	32	0	0	82809	0	16353	0.000000	0.000000	1945143	1866079
SRR29508858	124	97	27	2	56949	98133	15222	19820	3.592592	0.074074	2033746	1936553
SRR29508898	48	0	48	0	0	80418	0	51749	0.000000	0.000000	2092899	2014204
SRR29508899	92	0	92	0	0	82677	0	16394	0.000000	0.000000	2037060	1955085
SRR29508924	40	5	35	1	12	82821	12	29274	0.142857	0.028571	2002879	1924104
SRR29664788	33	4	29	1	9	35577	9	20598	0.137931	0.034483	2081887	2047730
SRR29664793	2	0	2	0	0	82828	0	29599	0.000000	0.000000	2076000	1993494
SRR29664795	23	4	19	1	9	38527	9	9292	0.210526	0.052632	2049625	2012528
SRR29664826	55	10	45	2	134	35636	90	17779	0.222222	0.044444	2052279	2018087
SRR29664844	41	24	17	1	21416	101713	15397	53171	1.411765	0.058824	2043557	1965128
SRR29664898	57	0	57	0	0	87798	0	16326	0.000000	0.000000	2043200	1955803
SRR29664931	37	8	29	2	5415	40992	3988	11078	0.275862	0.068966	2043959	2009818
SRR31466652	38	12	26	2	16499	108781	6765	57690	0.461538	0.076923	2065343	1970494
SRR31466737	32	0	32	0	0	95701	0	16443	0.000000	0.000000	2031218	1937875
SRR31466761	12	0	12	0	0	38527	0	8699	0.000000	0.000000	2036502	1999613
SRR31466782	32	3	29	1	3	82812	3	16384	0.103448	0.034483	2034715	1952695
SRR31466792	30	0	30	0	0	98800	0	48480	0.000000	0.000000	2042393	1945848
SRR31466825	282	231	51	4	22141	108848	7622	48934	4.529412	0.078431	2076581	1979570
SRR31466834	28	5	23	1	9	96975	9	55811	0.217391	0.043478	2100087	2004713
SRR31466857	48	5	43	1	9	87807	9	17281	0.116279	0.023256	2029141	1942521
SRR31466926	61	45	16	2	1047	98133	438	18105	2.812500	0.125000	2037309	1939848
SRR31467006	22	0	22	0	0	145182	0	54925	0.000000	0.000000	2045175	1902660
SRR31467022	66	0	66	0	0	124969	0	17875	0.000000	0.000000	2003217	1881712
SRR31467026	25	0	25	0	0	124969	0	21896	0.000000	0.000000	2042405	1920070
SRR31467058	51	11	40	3	16	82749	16	17370	0.275000	0.075000	2032641	1950848
SRR31467081	28	4	24	1	9	98133	9	17033	0.166667	0.041667	2030840	1933369
SRR31467101	25	7	18	1	23	98147	23	17204	0.388889	0.055556	2043067	1945267
SRR31467140	59	6	53	1	6694	126425	2413	20798	0.113208	0.018868	2041511	1918851
SRR31467141	48	3	45	1	3	82736	3	17675	0.066667	0.022222	2000991	1920427
SRR31467212	34	3	31	1	167	99439	51	6805	0.096774	0.032258	1920952	1828224
SRR31467300	45	16	29	2	21423	141051	10676	28614	0.551724	0.068966	2030427	1907709
SRR31467394	34	0	34	0	0	97074	0	16378	0.000000	0.000000	2021061	1925033
SRR31467451	165	71	94	2	55458	97609	8904	17076	0.755319	0.021277	2025557	1938599
SRR31470345	25	0	25	0	0	97044	0	16384	0.000000	0.000000	2044895	1948104
SRR31470375	0	0	0	0	0	82855	0	17588	0.000000	0.000000	2039724	1957405
SRR31470529	44	10	34	2	8462	38806	2375	20100	0.294118	0.058824	2055951	2021824
SRR31470532	20	0	20	0	0	98124	0	16951	0.000000	0.000000	2032943	1935531
SRR31470588	3	0	3	0	0	82855	0	17544	0.000000	0.000000	2032353	1950207
SRR31470715	31	0	31	0	0	124977	0	22026	0.000000	0.000000	2048994	1925906
SRR31470861	43	0	43	0	0	87798	0	14554	0.000000	0.000000	2006761	1919625
SRR31470901	30	12	18	2	11973	46878	5960	13219	0.666667	0.111111	2020193	1983174
SRR31470946	58	23	35	1	974	80427	288	39338	0.657143	0.028571	2069041	1990357
SRR31471021	34	0	34	0	0	124969	0	17877	0.000000	0.000000	2010069	1887801
SRR31471066	65	4	61	1	9	98929	9	38329	0.065574	0.016393	2052613	1955536
SRR31471142	33	0	33	0	0	97044	0	16346	0.000000	0.000000	2026579	1930583
SRR31471306	33	9	24	2	44	37652	38	4767	0.375000	0.083333	2016987	1980834
SRR31502708	70	8	62	2	31	79993	31	6023	0.129032	0.032258	2013436	1935259
SRR31502734	21	3	18	1	8	82817	8	16390	0.166667	0.055556	2034873	1952960
SRR31505125	33	5	28	1	9	35577	9	4376	0.178571	0.035714	2010513	1976419
SRR31505147	31	10	21	2	15	82824	14	16398	0.476190	0.095238	2039268	1957252
SRR31505223	35	0	35	0	0	104794	0	19039	0.000000	0.000000	2037288	1933516
SRR5061048	10	0	10	0	0	35577	0	4289	0.000000	0.000000	2007052	1972925
SRR5061063	18	5	13	1	9	82818	9	16391	0.384615	0.076923	2034345	1952321
SRR5061064	36	9	27	1	8627	39046	3858	22278	0.333333	0.037037	2081083	2046926
SRR5061106	27	0	27	0	0	82117	0	6816	0.000000	0.000000	2029511	1948936
SRR5061167	59	9	50	2	62	35608	62	6533	0.180000	0.040000	2033990	1999894
SRR5061191	27	0	27	0	0	80427	0	52354	0.000000	0.000000	2104727	2025924
SRR5061204	38	0	38	0	0	88031	0	29870	0.000000	0.000000	2074313	1986840
SRR5061255	14	0	14	0	0	104793	0	17792	0.000000	0.000000	2049185	1944780
SRR5061280	20	0	20	0	0	82809	0	16384	0.000000	0.000000	2045420	1962897
SRR5061355	48	22	26	4	11496	86254	4756	36381	0.846154	0.153846	2081685	1999692
SRR5061442	43	8	35	2	24	35656	24	7468	0.228571	0.057143	2051351	2017141
SRR5061451	83	6	77	1	721	87795	237	17302	0.077922	0.012987	2032103	1945101
SRR5061468	16	0	16	0	0	82809	0	29806	0.000000	0.000000	2082042	1999353
SRR5061479	36	0	36	0	0	97044	0	16384	0.000000	0.000000	2047378	1950516
SRR5061528	39	0	39	0	0	35568	0	7865	0.000000	0.000000	2055719	2021572
SRR5061537	55	7	48	2	59	82868	38	23962	0.145833	0.041667	1139312	1096264
SRR5061579	20	6	14	1	25	104818	25	26540	0.428571	0.071429	2054174	1949916
SRR5061603	26	3	23	1	32	125001	32	18065	0.130435	0.043478	2025681	1902642
SRR5061626	56	0	56	0	0	98791	0	36799	0.000000	0.000000	2103561	2006259
SRR5061636	324	279	45	2	13854	132848	10064	28380	6.200000	0.044444	2054574	1931375
SRR5061670	19	0	19	0	0	82117	0	40388	0.000000	0.000000	2088754	2008111
SRR5061682	53	3	50	1	22	97066	22	16405	0.060000	0.020000	2036145	1939778
SRR5061696	36	3	33	1	32	80003	32	9430	0.090909	0.030303	2054813	1976368
SRR5061701	26	5	21	1	9	80427	9	50312	0.238095	0.047619	2108575	2029675
SRR5062265	8	0	8	0	0	98133	0	17212	0.000000	0.000000	2040631	1942988
SRR5062296	14	0	14	0	0	82809	0	29775	0.000000	0.000000	2075745	1993277
SRR5062309	17	0	17	0	0	80418	0	39577	0.000000	0.000000	2070161	1991268
SRR5062321	28	0	28	0	0	35577	0	4766	0.000000	0.000000	2030310	1996153
SRR5062336	2	0	2	0	0	96962	0	56849	0.000000	0.000000	2107218	2011706
SRR5062372	28	3	25	1	8	124977	8	22034	0.120000	0.040000	2059867	1936353
SRR5062384	26	0	26	0	0	79962	0	6347	0.000000	0.000000	2029796	1951360
SRR5062390	40	13	27	2	4775	40200	4774	9383	0.481481	0.074074	2019511	1985378
SRR5062461	21	3	18	1	8	124977	8	21461	0.166667	0.055556	2055689	1932335
SRR5062601	33	3	30	1	162	82809	162	37385	0.100000	0.033333	2101168	2018668
SRR5062609	32	0	32	0	0	1849	0	1848	0.000000	0.000000	2040694	2038845
SRR5062610	30	5	25	1	9	80427	9	39250	0.200000	0.040000	2067463	1988579
SRR5062614	12	3	9	1	8	125647	8	22105	0.333333	0.111111	2055692	1931680
SRR5062647	39	0	39	0	0	97044	0	14544	0.000000	0.000000	2028210	1931447
SRR5062657	88	0	88	0	0	98791	0	6690	0.000000	0.000000	2031023	1933666
SRR5062698	55	7	48	1	7	124976	7	21405	0.145833	0.020833	2055697	1932337
SRR5062704	193	172	21	2	7190	132159	6971	28436	8.190476	0.095238	2055633	1932293
SRR5062705	33	0	33	0	0	35577	0	7749	0.000000	0.000000	2052312	2018155
SRR5063277	19	0	19	0	0	98920	0	52954	0.000000	0.000000	2099233	2001942
SRR5063374	12	4	8	1	9	35577	9	20525	0.500000	0.125000	2080844	2046689
SRR5063540	98	3	95	1	3	35571	3	4792	0.031579	0.010526	2030180	1996032
SRR5063569	36	9	27	2	19	79981	19	6085	0.333333	0.074074	2024334	1945921
SRR5063598	2	0	2	0	0	87798	0	24324	0.000000	0.000000	2070921	1983364
SRR5063624	25	18	7	2	25508	102882	12599	18961	2.571429	0.285714	2020993	1941296
SRR5063663	74	0	74	0	0	35577	0	4745	0.000000	0.000000	2023906	1989754
SRR5063682	10	5	5	1	9	98133	9	17262	1.000000	0.200000	2048501	1950513
SRR5063683	3	0	3	0	0	88040	0	29910	0.000000	0.000000	2079290	1991511
SRR5063686	29	7	22	2	238	105023	237	17951	0.318182	0.090909	2037834	1933892
SRR5063689	29	0	29	0	0	98791	0	51967	0.000000	0.000000	2088210	1991087
SRR5063702	19	0	19	0	0	97178	0	16383	0.000000	0.000000	2036281	1939584
SRR5063709	22	0	22	0	0	96962	0	55747	0.000000	0.000000	2100798	2005362
SRR5063711	21	3	18	1	9	98133	9	17249	0.166667	0.055556	2047326	1949356
SRR5063720	32	3	29	1	11	79973	11	6371	0.103448	0.034483	2029154	1950748
SRR5063729	7	0	7	0	0	87798	0	24019	0.000000	0.000000	2068665	1981136
SRR5063741	32	0	32	0	0	79962	0	5985	0.000000	0.000000	2027103	1948758
SRR5064099	6	0	6	0	0	88040	0	29308	0.000000	0.000000	2015576	1930342
SRR5064102	21	5	16	1	9	82126	9	6200	0.312500	0.062500	2012422	1932133
SRR5064129	15	0	15	0	0	82809	0	29791	0.000000	0.000000	2079048	1996407
SRR5064184	35	0	35	0	0	98920	0	53294	0.000000	0.000000	2101190	2003780
SRR5064191	58	0	58	0	0	79962	0	6573	0.000000	0.000000	2030832	1952359
SRR5064204	99	57	42	1	1835	3684	1434	3283	1.357143	0.023810	2050500	2048651
SRR5064211	62	8	54	2	1283	81245	487	9884	0.148148	0.037037	2053881	1975439
SRR5064227	4	0	4	0	0	96962	0	55946	0.000000	0.000000	2101797	2006358
SRR5064314	20	0	20	0	0	82117	0	9810	0.000000	0.000000	2053322	1972755
SRR5064315	40	3	37	1	266	35843	108	4787	0.081081	0.027027	2025136	1990981
SRR5064369	46	3	43	1	22	35590	22	17918	0.069767	0.023256	2056428	2022281
SRR5064404	44	3	41	1	9	82818	9	16393	0.073171	0.024390	2041238	1958913
SRR5064406	24	11	13	2	35	125008	22	20736	0.846154	0.153846	2042074	1919173
SRR5064528	4	0	4	0	0	35577	0	4469	0.000000	0.000000	2024004	1989847
SRR5064533	33	5	28	1	3171	101962	1505	54492	0.178571	0.035714	2096811	1999539
SRR5064544	48	21	27	3	10763	109554	9386	18115	0.777778	0.111111	2033185	1936272
SRR7281514	47	3	44	1	3	79965	3	6201	0.068182	0.022727	2022860	1944460
SRR7281520	32	0	32	0	0	95701	0	16714	0.000000	0.000000	2039136	1944034
SRR7281542	13	0	13	0	0	82818	0	16392	0.000000	0.000000	2043576	1961202
SRR7281569	78	23	55	4	1898	88483	1793	30248	0.418182	0.072727	2080038	1992313
SRR7281581	89	33	56	1	1130	89051	1130	38831	0.589286	0.017857	2098595	2010899
SRR7281642	46	0	46	0	0	87798	0	24139	0.000000	0.000000	2070387	1982902
SRR7281652	29	0	29	0	0	96962	0	56077	0.000000	0.000000	2103954	2008495
SRR7281668	33	0	33	0	0	35577	0	7614	0.000000	0.000000	2034812	2000656
SRR7281672	50	10	40	2	16	97060	16	24320	0.250000	0.050000	2069835	1973068
SRR7281674	24	3	21	1	6	104800	6	17600	0.142857	0.047619	2027724	1924091
SRR7281737	26	0	26	0	0	82809	0	29721	0.000000	0.000000	2078995	1996387
SRR7281743	29	0	29	0	0	1849	0	1849	0.000000	0.000000	2040271	2038424
SRR7281762	294	230	64	3	6608	125758	2428	20431	3.593750	0.046875	2009329	1886516
SRR7281848	7	0	7	0	0	82812	0	29759	0.000000	0.000000	2067180	1984895
SRR7281849	23	0	23	0	0	124969	0	20282	0.000000	0.000000	2041858	1919155
SRR7281907	65	0	65	0	0	87795	0	16377	0.000000	0.000000	2042092	1954773
SRR7281977	24	5	19	1	755	125724	751	20888	0.263158	0.052632	2038112	1915574
SRR7281983	4	0	4	0	0	35577	0	4761	0.000000	0.000000	2030558	1996401
SRR7282009	42	0	42	0	0	98800	0	52435	0.000000	0.000000	2092612	1995444
SRR7282063	407	348	59	3	57655	88467	23909	27843	5.898305	0.050847	2055791	1973351
SRR7282076	75	4	71	1	9	82742	9	16443	0.056338	0.014085	2044940	1962607
SRR7282078	30	3	27	1	8	95701	8	16470	0.111111	0.037037	2045237	1949835
SRR7282109	242	146	96	3	58108	88308	16715	20734	1.520833	0.031250	2047807	1960421
SRR7282126	12	0	12	0	0	38155	0	5416	0.000000	0.000000	2027718	1990984
SRR7282164	38	3	35	1	3	79965	3	6036	0.085714	0.028571	2019228	1940941
SRR7282175	25	4	21	1	9	35577	9	4480	0.190476	0.047619	2026113	1991963
SRR7282207	36	7	29	1	7	79969	7	6074	0.241379	0.034483	2025186	1946767
SRR7282219	144	105	39	3	10290	97047	8968	25356	2.692308	0.076923	2034305	1938287
SRR7282231	165	125	40	2	57274	124899	23657	62134	3.125000	0.050000	2086314	2007476
SRR7282238	50	0	50	0	0	125011	0	20984	0.000000	0.000000	2051408	1928155
SRR7282244	18	0	18	0	0	82809	0	16384	0.000000	0.000000	2043090	1960447
SRR7282266	29	0	29	0	0	125011	0	18292	0.000000	0.000000	2031019	1907609
SRR7282309	15	0	15	0	0	104785	0	17716	0.000000	0.000000	2040550	1936516
SRR7282361	56	4	52	1	10	87795	10	24330	0.076923	0.019231	2068950	1981477
SRR7282428	85	37	48	1	849	97321	535	31287	0.770833	0.020833	2073137	1976179
SRR7282452	14	0	14	0	0	82809	0	29769	0.000000	0.000000	2074733	1992431
SRR7282471	41	4	37	1	9	82818	9	29758	0.108108	0.027027	2071052	1988775
SRR7282474	15	0	15	0	0	82818	0	29751	0.000000	0.000000	2075804	1993361
SRR7282691	17	0	17	0	0	125020	0	18020	0.000000	0.000000	2023825	1900725
SRR7282698	51	7	44	2	135	125146	61	20900	0.159091	0.045455	2048711	1925543
SRR7282721	21	6	15	2	228	124977	228	21078	0.400000	0.133333	2052730	1929528
SRR7282818	7	0	7	0	0	82818	0	16393	0.000000	0.000000	2043926	1961436
SRR7282876	53	0	53	0	0	1849	0	1849	0.000000	0.000000	2044565	2042716
SRR7282892	56	0	56	0	0	35577	0	4446	0.000000	0.000000	2024057	1989903
SRR7282942	10	0	10	0	0	98124	0	17151	0.000000	0.000000	2041440	1943669
SRR7282946	57	4	53	1	9	35577	9	4482	0.075472	0.018868	2010541	1976402
SRR7283005	23	0	23	0	0	35577	0	20388	0.000000	0.000000	2077149	2043001
SRR7283006	25	0	25	0	0	98920	0	52107	0.000000	0.000000	2091400	1994109
SRR7283008	23	0	23	0	0	35577	0	21364	0.000000	0.000000	2088122	2053965
SRR7283112	7	0	7	0	0	98124	0	17172	0.000000	0.000000	2036604	1939167
SRR7283115	1	0	1	0	0	96975	0	55350	0.000000	0.000000	2097655	2002379
SRR7283156	31	0	31	0	0	79970	0	6093	0.000000	0.000000	2020847	1942591
SRR7283168	37	0	37	0	0	98920	0	52950	0.000000	0.000000	2098105	2000876
SRR7283240	50	3	47	1	32	125001	32	18008	0.063830	0.021277	2021776	1899000
SRR7283344	38	0	38	0	0	124969	0	21135	0.000000	0.000000	2050953	1927800
SRR7283358	82	12	70	1	65	35633	65	4727	0.171429	0.014286	2022845	1988700
SRR7283469	236	186	50	2	59254	88789	18349	22388	3.720000	0.040000	2056523	1968279
SRR7283480	71	14	57	2	730	87804	319	17416	0.245614	0.035088	2047676	1960094
SRR7283526	49	0	49	0	0	97044	0	16384	0.000000	0.000000	2045848	1949057
SRR7283579	10	0	10	0	0	96962	0	55130	0.000000	0.000000	2095305	2000034
SRR7283589	75	53	22	3	9334	128587	8315	26861	2.409091	0.136364	2070878	1947885
SRR7283598	53	6	47	2	142	35710	96	20173	0.127660	0.042553	2076014	2041874
SRR7283603	46	0	46	0	0	97044	0	16382	0.000000	0.000000	2041387	1944843
SRR7283838	4	0	4	0	0	124969	0	21286	0.000000	0.000000	2050685	1927343
SRR7283848	25	3	22	1	3	98791	3	52462	0.136364	0.045455	2090352	1993242
SRR7283887	36	0	36	0	0	35568	0	4814	0.000000	0.000000	2032580	1998432
SRR7283921	80	21	59	1	961	88240	957	19210	0.355932	0.016949	2050097	1962048
SRR7283931	99	67	32	1	1782	35904	1395	6088	2.093750	0.031250	2028562	1994414
SRR7283938	32	9	23	2	1561	98523	565	56095	0.391304	0.086957	2098616	2003246
SRR7284020	36	0	36	0	0	79962	0	6383	0.000000	0.000000	2031386	1952901
SRR7284023	34	0	34	0	0	82117	0	11245	0.000000	0.000000	2058433	1977811
SRR7284032	44	16	28	3	12492	131988	7799	25851	0.571429	0.107143	2048185	1925159
SRR7284037	50	0	50	0	0	35577	0	20664	0.000000	0.000000	2081685	2047529
SRR7284053	31	3	28	1	13	35642	13	8285	0.107143	0.035714	2058044	2023835
SRR7284055	22	5	17	1	9	79971	9	6392	0.294118	0.058824	2031511	1953009
SRR7284071	18	3	15	1	7	96969	7	54651	0.200000	0.066667	2092778	1997548
SRR7284119	37	7	30	1	7	82816	7	29780	0.233333	0.033333	2074238	1991792
SRR7284130	16	0	16	0	0	96975	0	55087	0.000000	0.000000	2094493	1999211
SRR7284137	316	286	30	1	8797	44374	4587	9291	9.533334	0.033333	2032065	1997910
SRR9082431	9	0	9	0	0	104785	0	18952	0.000000	0.000000	2039564	1935627
SRR9082437	31	5	26	1	9	79971	9	6288	0.192308	0.038462	2027661	1949228
SRR9082448	38	4	34	1	9	35577	9	4920	0.117647	0.029412	2030011	1995854
SRR9082455	46	7	39	2	31	82148	31	6078	0.179487	0.051282	2019286	1939028
SRR9082465	30	5	25	1	9	35577	9	17723	0.200000	0.040000	2057068	2022913
SRR9082491	26	0	26	0	0	104785	0	17774	0.000000	0.000000	2046142	1941869
SRR9082507	94	8	86	1	40	35608	30	4685	0.093023	0.011628	2026248	1992102
SRR9082574	12	0	12	0	0	82818	0	29616	0.000000	0.000000	2055271	1973197
SRR9082642	36	4	32	1	208	35577	76	21034	0.125000	0.031250	2084548	2050393
SRR9082652	43	0	43	0	0	79962	0	6186	0.000000	0.000000	2024833	1946515
SRR9082792	67	0	67	0	0	35577	0	4668	0.000000	0.000000	2025671	1991519
SRR9082864	71	18	53	4	43	97087	43	23799	0.339623	0.075472	2063086	1966595
SRR9082870	17	4	13	1	9	124978	9	20328	0.307692	0.076923	2041323	1918618
SRR9082885	30	4	26	1	9	82818	9	27905	0.153846	0.038462	2050519	1968436
SRR9082905	7	0	7	0	0	82840	0	16393	0.000000	0.000000	2037351	1954881
SRR9082992	13	0	13	0	0	35632	0	4750	0.000000	0.000000	2029531	1995319
SRR9083006	46	0	46	0	0	97044	0	16384	0.000000	0.000000	2036330	1939989
SRR9083146	27	0	27	0	0	82809	0	29757	0.000000	0.000000	2075457	1992967
SRR9083171	19	0	19	0	0	82809	0	29796	0.000000	0.000000	2080459	1997922
SRR9083177	22	0	22	0	0	124969	0	21005	0.000000	0.000000	2050682	1927537
SRR9083186	31	3	28	1	8	124977	8	20883	0.107143	0.035714	2045243	1922475
SRR9083262	180	103	77	4	3969	101314	3257	12614	1.337662	0.051948	2042033	1944944
SRR9083278	16	0	16	0	0	82117	0	9039	0.000000	0.000000	2046677	1966175
SRR9083353	14	0	14	0	0	98124	0	17070	0.000000	0.000000	2032118	1934751
SRR9087042	33	5	28	1	9	35577	9	4543	0.178571	0.035714	2023265	1989122
SRR9087049	43	0	43	0	0	97044	0	16383	0.000000	0.000000	2038039	1941577
SRR9087117	168	80	88	3	2228	83465	1429	17812	0.909091	0.034091	2043954	1961780
SRR9087125	20	0	20	0	0	124978	0	20513	0.000000	0.000000	2042686	1919954
SRR9087133	24	3	21	1	9	35632	9	4416	0.142857	0.047619	2016554	1982363
SRR9087139	116	15	101	2	896	36464	893	5316	0.148515	0.019802	2019311	1985171
SRR9087910	38	0	38	0	0	87798	0	16383	0.000000	0.000000	2036436	1949262
SRR9087980	140	88	52	2	57015	125020	22049	27583	1.692308	0.038462	2029013	1906252
SRR9088006	44	0	44	0	0	82677	0	16384	0.000000	0.000000	2044105	1961711
SRR9088114	45	0	45	0	0	35568	0	7818	0.000000	0.000000	2051921	2017773
SRR9088133	54	0	54	0	0	87798	0	16384	0.000000	0.000000	2044779	1957262
SRR9088140	42	23	19	2	10090	84161	5180	52576	1.210526	0.105263	2099315	2020585
SRR9088150	19	5	14	1	9	98133	9	17156	0.357143	0.071429	2038265	1940569
SRR9088157	7	0	7	0	0	82126	0	6279	0.000000	0.000000	2011075	1930740
SRR9088166	39	4	35	1	9	124978	9	20763	0.114286	0.028571	2049647	1926553
SRR9088171	33	0	33	0	0	79971	0	5921	0.000000	0.000000	2012986	1934928
SRR9088217	31	5	26	1	9	79971	9	6057	0.192308	0.038462	2021692	1943369
SRR9088228	29	5	24	1	10398	131919	3002	21943	0.208333	0.041667	1954645	1836465
SRR9088271	76	42	34	2	26263	87798	6972	25333	1.235294	0.058824	2031466	1944867
SRR9088373	71	3	68	1	9	82686	9	16393	0.044118	0.014706	2046694	1964188
SRR9088422	37	9	28	3	45	35622	45	17548	0.321429	0.107143	2043673	2009544
SRR9088439	145	86	59	1	4592	84554	3016	11246	1.457627	0.016949	2035697	1957618
SRR9088466	48	0	48	0	0	97044	0	17620	0.000000	0.000000	2039751	1943244
SRR9088628	20	0	20	0	0	82809	0	29751	0.000000	0.000000	2077705	1995173
SRR9088630	87	3	84	1	49	35617	49	7613	0.035714	0.011905	2052432	2018285
SRR9088631	48	5	43	1	9	79971	9	8478	0.116279	0.023256	2038051	1959857
SRR9088653	18	0	18	0	0	97044	0	16384	0.000000	0.000000	2044966	1948243
SRR9088673	32	0	32	0	0	95701	0	16441	0.000000	0.000000	1974342	1883802
SRR9088749	25	0	25	0	0	98124	0	17167	0.000000	0.000000	2040991	1943270
SRR9088792	49	0	49	0	0	35577	0	17721	0.000000	0.000000	2057163	2023006
SRR9088804	25	0	25	0	0	37608	0	4649	0.000000	0.000000	2014507	1978346
SRR9088829	37	4	33	1	10	97054	10	16394	0.121212	0.030303	2046435	1949664
SRR9088851	22	9	13	1	91	82208	91	9855	0.692308	0.076923	2053215	1972642
SRR9088866	37	3	34	1	3	35571	3	4685	0.088235	0.029412	2025971	1991824
SRR9088889	61	15	46	2	21927	116910	10677	51349	0.326087	0.043478	1922728	1833236
Node_1	10	0	10	0	0	1849	0	1849	0.000000	0.000000	2039425	2037576
Node_2	11	0	11	0	0	1849	0	1849	0.000000	0.000000	2041157	2039308
Node_3	3	0	3	0	0	1849	0	1849	0.000000	0.000000	2100898	2099049
Node_4	8	0	8	0	0	1849	0	1849	0.000000	0.000000	2068906	2067057
Node_5	9	0	9	0	0	1849	0	1849	0.000000	0.000000	2075009	2073160
Node_6	17	0	17	0	0	1849	0	1849	0.000000	0.000000	2075049	2073200
Node_7	1	0	1	0	0	1849	0	1849	0.000000	0.000000	2105753	2103904
Node_8	50	15	35	2	1849	1849	1849	1849	0.428571	0.057143	2105931	2105931
Node_9	0	0	0	0	0	0	0	0	0.000000	0.000000	2106025	2106025
Node_10	27	0	27	0	0	88240	0	17995	0.000000	0.000000	2042262	1954567
Node_11	261	245	16	3	58734	88240	16544	19210	15.312500	0.187500	2050642	1968098
Node_12	2	0	2	0	0	82733	0	22671	0.000000	0.000000	2060043	1977486
Node_13	29	0	29	0	0	82733	0	18643	0.000000	0.000000	2040428	1958207
Node_14	0	0	0	0	0	82733	0	24916	0.000000	0.000000	2062606	1980049
Node_15	55	38	17	3	1855	82733	1367	24919	2.235294	0.176471	2062917	1980410
Node_16	15	0	15	0	0	87795	0	24330	0.000000	0.000000	2069741	1982252
Node_17	10	0	10	0	0	87795	0	24330	0.000000	0.000000	2070834	1983328
Node_18	12	0	12	0	0	87795	0	25354	0.000000	0.000000	2073717	1986112
Node_19	13	0	13	0	0	87798	0	25334	0.000000	0.000000	2049656	1962313
Node_20	46	0	46	0	0	87798	0	24415	0.000000	0.000000	2072123	1984518
Node_21	0	0	0	0	0	87798	0	24153	0.000000	0.000000	2070854	1983366
Node_22	8	0	8	0	0	87798	0	16384	0.000000	0.000000	2044533	1957058
Node_23	1	0	1	0	0	87798	0	16384	0.000000	0.000000	2047606	1960045
Node_24	1	0	1	0	0	87798	0	24153	0.000000	0.000000	2072728	1985145
Node_25	1	0	1	0	0	87798	0	17275	0.000000	0.000000	2041617	1954338
Node_26	2	0	2	0	0	87798	0	25044	0.000000	0.000000	2073860	1986277
Node_27	0	0	0	0	0	87798	0	25153	0.000000	0.000000	2074286	1986692
Node_28	5	0	5	0	0	87798	0	25442	0.000000	0.000000	2075516	1987884
Node_29	11	0	11	0	0	87798	0	34392	0.000000	0.000000	2084488	1996856
Node_30	0	0	0	0	0	87798	0	34392	0.000000	0.000000	2084611	1996968
Node_31	2	0	2	0	0	87798	0	25295	0.000000	0.000000	2053376	1965943
Node_32	3	0	3	0	0	87798	0	34861	0.000000	0.000000	2085330	1997656
Node_33	92	76	16	3	8615	87798	7867	34867	4.750000	0.187500	2085348	1997677
Node_34	39	5	34	1	9	88040	9	29910	0.147059	0.029412	2079402	1991630
Node_35	23	0	23	0	0	88031	0	29847	0.000000	0.000000	2071934	1984474
Node_36	0	0	0	0	0	88031	0	29847	0.000000	0.000000	2075023	1987448
Node_37	0	0	0	0	0	88031	0	29870	0.000000	0.000000	2077183	1989589
Node_38	54	10	44	1	1446	88031	1446	29901	0.227273	0.022727	2080056	1992382
Node_39	9	0	9	0	0	87921	0	37701	0.000000	0.000000	2099995	2012297
Node_40	6	0	6	0	0	87921	0	29791	0.000000	0.000000	2080503	1992774
Node_41	2	0	2	0	0	97044	0	25354	0.000000	0.000000	2048520	1951904
Node_42	1	0	1	0	0	97044	0	17663	0.000000	0.000000	2049359	1952488
Node_43	4	0	4	0	0	97044	0	26622	0.000000	0.000000	2058479	1961608
Node_44	7	0	7	0	0	97044	0	16384	0.000000	0.000000	2045137	1948344
Node_45	0	0	0	0	0	97044	0	26622	0.000000	0.000000	2058984	1962087
Node_46	1	0	1	0	0	97044	0	16384	0.000000	0.000000	2040309	1943702
Node_47	2	0	2	0	0	97044	0	26622	0.000000	0.000000	2059078	1962179
Node_48	21	4	17	1	758	97044	342	26622	0.235294	0.058824	2059235	1962336
Node_49	11	0	11	0	0	97044	0	26622	0.000000	0.000000	2059305	1962406
Node_50	7	0	7	0	0	97044	0	16384	0.000000	0.000000	2047844	1951025
Node_51	11	0	11	0	0	97044	0	16370	0.000000	0.000000	2042056	1945386
Node_52	11	0	11	0	0	97044	0	16384	0.000000	0.000000	2048267	1951447
Node_53	4	0	4	0	0	97044	0	16384	0.000000	0.000000	2040832	1944335
Node_54	3	0	3	0	0	97044	0	17329	0.000000	0.000000	2042384	1945870
Node_55	2	0	2	0	0	97074	0	18163	0.000000	0.000000	2040607	1944028
Node_56	1	0	1	0	0	97074	0	17453	0.000000	0.000000	2036654	1940121
Node_57	0	0	0	0	0	97074	0	24779	0.000000	0.000000	2062745	1966079
Node_58	0	0	0	0	0	97074	0	24779	0.000000	0.000000	2067662	1970891
Node_59	0	0	0	0	0	97074	0	24779	0.000000	0.000000	2067715	1970943
Node_60	0	0	0	0	0	97074	0	26554	0.000000	0.000000	2070267	1973431
Node_61	2	0	2	0	0	97074	0	16388	0.000000	0.000000	2039428	1942808
Node_62	149	111	38	3	2524	97074	1736	26554	2.921053	0.078947	2070601	1973789
Node_63	4	0	4	0	0	97044	0	26599	0.000000	0.000000	2073412	1976599
Node_64	33	0	33	0	0	104785	0	19078	0.000000	0.000000	2047719	1943671
Node_65	14	10	4	2	16	104801	16	20487	2.500000	0.500000	2044679	1940660
Node_66	1	0	1	0	0	104785	0	29723	0.000000	0.000000	2062536	1958476
Node_67	0	0	0	0	0	104785	0	29723	0.000000	0.000000	2063843	1959723
Node_68	12	0	12	0	0	104785	0	29723	0.000000	0.000000	2066188	1962017
Node_69	0	0	0	0	0	104785	0	29723	0.000000	0.000000	2066484	1962293
Node_70	0	0	0	0	0	104785	0	32478	0.000000	0.000000	2069983	1965763
Node_71	2	0	2	0	0	104785	0	32649	0.000000	0.000000	2072381	1968033
Node_72	1	0	1	0	0	104785	0	18530	0.000000	0.000000	2043132	1939092
Node_73	2	0	2	0	0	104793	0	26561	0.000000	0.000000	2055167	1950884
Node_74	1	0	1	0	0	104793	0	18864	0.000000	0.000000	2044629	1940473
Node_75	3	0	3	0	0	104793	0	27694	0.000000	0.000000	2057257	1952939
Node_76	0	0	0	0	0	104793	0	17792	0.000000	0.000000	2049300	1944887
Node_77	1	0	1	0	0	104793	0	17792	0.000000	0.000000	2049337	1944924
Node_78	2	0	2	0	0	104793	0	17792	0.000000	0.000000	2049425	1945012
Node_79	359	354	5	3	9891	104793	9418	27711	70.800003	0.600000	2059700	1955277
Node_80	1	0	1	0	0	104785	0	17743	0.000000	0.000000	2044665	1940482
Node_81	5	0	5	0	0	104785	0	24718	0.000000	0.000000	2052606	1948386
Node_82	0	0	0	0	0	104785	0	27704	0.000000	0.000000	2059916	1955490
Node_83	3	0	3	0	0	104785	0	27778	0.000000	0.000000	2060047	1955621
Node_84	5	0	5	0	0	104785	0	27778	0.000000	0.000000	2060199	1955773
Node_85	0	0	0	0	0	104785	0	41461	0.000000	0.000000	2083568	1979102
Node_86	0	0	0	0	0	104794	0	17740	0.000000	0.000000	2042943	1938784
Node_87	3	0	3	0	0	104794	0	17740	0.000000	0.000000	2043232	1939065
Node_88	7	3	4	1	9	104794	9	19061	0.750000	0.250000	2045863	1941634
Node_89	35	11	24	1	20180	104785	10838	41462	0.458333	0.041667	2083620	1986760
Node_90	3	0	3	0	0	97178	0	36611	0.000000	0.000000	2084098	1987032
Node_91	13	0	13	0	0	97178	0	16384	0.000000	0.000000	2043386	1946473
Node_92	9	4	5	1	9	98133	9	17087	0.800000	0.200000	2036401	1938832
Node_93	4	0	4	0	0	98124	0	17253	0.000000	0.000000	2048630	1950638
Node_94	2	0	2	0	0	98124	0	17253	0.000000	0.000000	2048858	1950866
Node_95	1	0	1	0	0	98124	0	17253	0.000000	0.000000	2048927	1950920
Node_96	10	0	10	0	0	98124	0	16927	0.000000	0.000000	2022633	1925695
Node_97	1	0	1	0	0	98124	0	17253	0.000000	0.000000	2048933	1950926
Node_98	1	0	1	0	0	98124	0	17253	0.000000	0.000000	2048955	1950948
Node_99	0	0	0	0	0	98124	0	17253	0.000000	0.000000	2049031	1951024
Node_100	0	0	0	0	0	98124	0	20044	0.000000	0.000000	2051823	1953816
Node_101	0	0	0	0	0	98124	0	17121	0.000000	0.000000	2035722	1938199
Node_102	0	0	0	0	0	98124	0	17121	0.000000	0.000000	2038813	1941195
Node_103	4	0	4	0	0	98124	0	20044	0.000000	0.000000	2051832	1953825
Node_104	0	0	0	0	0	98124	0	17178	0.000000	0.000000	2044904	1947058
Node_105	1	0	1	0	0	98124	0	17178	0.000000	0.000000	2045052	1947182
Node_106	0	0	0	0	0	98124	0	24105	0.000000	0.000000	2067487	1969609
Node_107	0	0	0	0	0	98124	0	24105	0.000000	0.000000	2067916	1970031
Node_108	1	0	1	0	0	98124	0	26949	0.000000	0.000000	2074106	1976095
Node_109	11	0	11	0	0	98124	0	17195	0.000000	0.000000	2038312	1940703
Node_110	1	0	1	0	0	98133	0	17211	0.000000	0.000000	2041239	1943456
Node_111	6	0	6	0	0	98133	0	17225	0.000000	0.000000	2045473	1947592
Node_112	4	3	1	1	9	98133	9	17226	3.000000	1.000000	2046058	1948180
Node_113	3	0	3	0	0	98129	0	18296	0.000000	0.000000	2038156	1940637
Node_114	3	3	0	1	5	98129	5	18361	0.000000	0.000000	2041310	1943764
Node_115	4	0	4	0	0	98124	0	18356	0.000000	0.000000	2041794	1944188
Node_116	3	0	3	0	0	98124	0	18469	0.000000	0.000000	2049526	1951700
Node_117	0	0	0	0	0	98124	0	18470	0.000000	0.000000	2051054	1953118
Node_118	2	0	2	0	0	98124	0	18470	0.000000	0.000000	2051064	1953128
Node_119	0	0	0	0	0	98124	0	18470	0.000000	0.000000	2051080	1953144
Node_120	4	0	4	0	0	98124	0	17157	0.000000	0.000000	2040548	1942867
Node_121	1	0	1	0	0	98124	0	17194	0.000000	0.000000	2043008	1945267
Node_122	1	0	1	0	0	98124	0	18270	0.000000	0.000000	2044858	1947054
Node_123	1	0	1	0	0	98124	0	18658	0.000000	0.000000	2051695	1953741
Node_124	4	0	4	0	0	98124	0	18658	0.000000	0.000000	2051772	1953818
Node_125	0	0	0	0	0	98124	0	28378	0.000000	0.000000	2077782	1979730
Node_126	3	0	3	0	0	98124	0	28378	0.000000	0.000000	2077783	1979731
Node_127	7	0	7	0	0	98124	0	28378	0.000000	0.000000	2077792	1979740
Node_128	23	13	10	1	9591	98124	779	28378	1.300000	0.100000	2077924	1980673
Node_129	9	4	5	1	143	97321	136	35813	0.800000	0.200000	2087738	1990630
Node_130	6	0	6	0	0	97178	0	35677	0.000000	0.000000	2087778	1990660
Node_131	142	135	7	4	8952	97178	8539	39322	19.285715	0.571429	2091726	1994738
Node_132	3	0	3	0	0	97044	0	39189	0.000000	0.000000	2091916	1994928
Node_133	6	0	6	0	0	97044	0	39700	0.000000	0.000000	2092794	1995806
Node_134	3	0	3	0	0	97044	0	39700	0.000000	0.000000	2092822	1995834
Node_135	4	3	1	1	34	97044	34	46779	3.000000	1.000000	2100010	2003021
Node_136	1	0	1	0	0	97044	0	16384	0.000000	0.000000	2040750	1944152
Node_137	2	0	2	0	0	97044	0	24304	0.000000	0.000000	2070711	1973924
Node_138	4	0	4	0	0	97044	0	23756	0.000000	0.000000	2068289	1971537
Node_139	4	0	4	0	0	97044	0	17620	0.000000	0.000000	2048169	1951378
Node_140	2	0	2	0	0	97044	0	17701	0.000000	0.000000	2048710	1951908
Node_141	2	0	2	0	0	97044	0	16384	0.000000	0.000000	2046464	1949647
Node_142	3	0	3	0	0	97044	0	17701	0.000000	0.000000	2049780	1952936
Node_143	5	0	5	0	0	97044	0	25073	0.000000	0.000000	2073317	1976462
Node_144	0	0	0	0	0	97044	0	25073	0.000000	0.000000	2073782	1976923
Node_145	3	0	3	0	0	97044	0	25725	0.000000	0.000000	2075720	1978842
Node_146	362	357	5	3	67539	97044	34451	46995	71.400002	0.600000	2100557	2012690
Node_147	35	0	35	0	0	87921	0	16383	0.000000	0.000000	2041609	1954110
Node_148	11	0	11	0	0	87921	0	29780	0.000000	0.000000	2077959	1990291
Node_149	7	0	7	0	0	87921	0	29780	0.000000	0.000000	2077971	1990303
Node_150	2	0	2	0	0	87921	0	50166	0.000000	0.000000	2130065	2042198
Node_151	0	0	0	0	0	87921	0	50177	0.000000	0.000000	2130247	2042380
Node_152	2	0	2	0	0	88316	0	17682	0.000000	0.000000	2045411	1957461
Node_153	9	0	9	0	0	88316	0	18393	0.000000	0.000000	2046969	1959008
Node_154	1	0	1	0	0	88316	0	22196	0.000000	0.000000	2057541	1969294
Node_155	65	60	5	2	1571	88316	1555	22431	12.000000	0.400000	2057939	1970082
Node_156	0	0	0	0	0	87921	0	51801	0.000000	0.000000	2132513	2044634
Node_157	0	0	0	0	0	87921	0	51801	0.000000	0.000000	2132513	2044634
Node_158	13	0	13	0	0	87921	0	51870	0.000000	0.000000	2132744	2044865
Node_159	59	55	4	2	4106	87921	3878	51872	13.750000	0.500000	2132774	2045021
Node_160	9	0	9	0	0	87795	0	51746	0.000000	0.000000	2132774	2045021
Node_161	2	0	2	0	0	95701	0	29185	0.000000	0.000000	2061156	1965909
Node_162	4	0	4	0	0	95701	0	29185	0.000000	0.000000	2062815	1967485
Node_163	2	0	2	0	0	95701	0	16471	0.000000	0.000000	2046104	1950687
Node_164	7	0	7	0	0	95701	0	16449	0.000000	0.000000	2032787	1937992
Node_165	0	0	0	0	0	95701	0	16472	0.000000	0.000000	2044387	1949078
Node_166	2	0	2	0	0	95701	0	16498	0.000000	0.000000	2047171	1951702
Node_167	105	51	54	4	12424	95701	8855	29233	0.944444	0.074074	2067526	1979951
Node_168	0	0	0	0	0	87803	0	26277	0.000000	0.000000	2073221	1985615
Node_169	51	47	4	3	24957	87803	6735	26399	11.750000	0.750000	2081884	1994276
Node_170	3	0	3	0	0	87795	0	52136	0.000000	0.000000	2133175	2045422
Node_171	0	0	0	0	0	87795	0	52136	0.000000	0.000000	2133175	2045422
Node_172	8	0	8	0	0	87795	0	52278	0.000000	0.000000	2133456	2045694
Node_173	1	0	1	0	0	87795	0	52432	0.000000	0.000000	2133614	2045852
Node_174	27	25	2	2	10237	87795	8823	52432	12.500000	1.000000	2133614	2050970
Node_175	2	0	2	0	0	82677	0	47314	0.000000	0.000000	2133972	2051327
Node_176	3	0	3	0	0	82809	0	36785	0.000000	0.000000	2093718	2011424
Node_177	19	3	16	1	3	82812	3	29764	0.187500	0.062500	2069703	1987360
Node_178	2	0	2	0	0	82809	0	36839	0.000000	0.000000	2098379	2015947
Node_179	32	7	25	2	19	82828	19	29722	0.280000	0.080000	2081451	1998853
Node_180	0	0	0	0	0	82809	0	36948	0.000000	0.000000	2104729	2022130
Node_181	16	8	8	2	31	82840	31	16415	1.000000	0.250000	2038803	1956302
Node_182	8	0	8	0	0	82809	0	16384	0.000000	0.000000	2043726	1961072
Node_183	0	0	0	0	0	82809	0	29791	0.000000	0.000000	2079636	1996995
Node_184	0	0	0	0	0	82809	0	29803	0.000000	0.000000	2080051	1997404
Node_185	7	0	7	0	0	82809	0	29803	0.000000	0.000000	2081319	1998631
Node_186	2	0	2	0	0	82809	0	29738	0.000000	0.000000	2077205	1994679
Node_187	6	0	6	0	0	82809	0	16384	0.000000	0.000000	2038039	1955772
Node_188	2	0	2	0	0	82809	0	37515	0.000000	0.000000	2099628	2017197
Node_189	2	0	2	0	0	82809	0	37515	0.000000	0.000000	2100162	2017696
Node_190	0	0	0	0	0	82809	0	37515	0.000000	0.000000	2100404	2017928
Node_191	1	0	1	0	0	82809	0	16384	0.000000	0.000000	2040371	1958024
Node_192	11	0	11	0	0	82809	0	16384	0.000000	0.000000	2041842	1959447
Node_193	5	0	5	0	0	82809	0	29283	0.000000	0.000000	2072331	1989936
Node_194	7	0	7	0	0	82809	0	37515	0.000000	0.000000	2101002	2018493
Node_195	1	0	1	0	0	82809	0	37515	0.000000	0.000000	2102693	2020112
Node_196	1	0	1	0	0	82809	0	37545	0.000000	0.000000	2105438	2022750
Node_197	1	0	1	0	0	82809	0	37545	0.000000	0.000000	2105648	2022947
Node_198	2	0	2	0	0	82809	0	29343	0.000000	0.000000	2064706	1982662
Node_199	109	72	37	2	1618	82855	1212	17596	1.945946	0.054054	2042608	1960212
Node_200	1	0	1	0	0	82809	0	29762	0.000000	0.000000	2073909	1991539
Node_201	1	0	1	0	0	82809	0	29762	0.000000	0.000000	2075686	1993221
Node_202	0	0	0	0	0	82809	0	37487	0.000000	0.000000	2102663	2020108
Node_203	1	0	1	0	0	82809	0	37487	0.000000	0.000000	2102739	2020156
Node_204	1	0	1	0	0	82809	0	37386	0.000000	0.000000	2101576	2019072
Node_205	0	0	0	0	0	82809	0	37683	0.000000	0.000000	2104641	2022051
Node_206	0	0	0	0	0	82809	0	37683	0.000000	0.000000	2104846	2022256
Node_207	0	0	0	0	0	82809	0	37683	0.000000	0.000000	2104864	2022274
Node_208	3	0	3	0	0	82809	0	37931	0.000000	0.000000	2107159	2024450
Node_209	0	0	0	0	0	82809	0	37986	0.000000	0.000000	2107268	2024559
Node_210	16	0	16	0	0	82809	0	38090	0.000000	0.000000	2108584	2025852
Node_211	0	0	0	0	0	82809	0	37243	0.000000	0.000000	2098614	2016129
Node_212	3	0	3	0	0	82809	0	38114	0.000000	0.000000	2108653	2025921
Node_213	10	0	10	0	0	82818	0	29643	0.000000	0.000000	2075884	1993380
Node_214	7	4	3	1	9	82818	9	29767	1.333333	0.333333	2077938	1995388
Node_215	6	0	6	0	0	82809	0	29820	0.000000	0.000000	2082427	1999736
Node_216	15	0	15	0	0	82809	0	16384	0.000000	0.000000	2037889	1955822
Node_217	4	4	0	1	9	82818	9	29780	0.000000	0.000000	2078061	1995588
Node_218	2	0	2	0	0	82809	0	29771	0.000000	0.000000	2079115	1996584
Node_219	0	0	0	0	0	82809	0	29697	0.000000	0.000000	2075006	1992634
Node_220	1	0	1	0	0	82809	0	34069	0.000000	0.000000	2091514	2009142
Node_221	0	0	0	0	0	82809	0	35182	0.000000	0.000000	2094512	2012126
Node_222	0	0	0	0	0	82809	0	35244	0.000000	0.000000	2098897	2016355
Node_223	2	0	2	0	0	82809	0	35244	0.000000	0.000000	2099679	2017103
Node_224	4	0	4	0	0	82809	0	35244	0.000000	0.000000	2099686	2017110
Node_225	2	0	2	0	0	82809	0	35244	0.000000	0.000000	2099837	2017228
Node_226	1	0	1	0	0	82809	0	35253	0.000000	0.000000	2099972	2017360
Node_227	0	0	0	0	0	82809	0	35253	0.000000	0.000000	2100006	2017394
Node_228	0	0	0	0	0	82809	0	35264	0.000000	0.000000	2100017	2017405
Node_229	0	0	0	0	0	82809	0	35291	0.000000	0.000000	2102152	2019452
Node_230	15	0	15	0	0	82809	0	35291	0.000000	0.000000	2102170	2019470
Node_231	13	0	13	0	0	82809	0	38339	0.000000	0.000000	2109485	2026743
Node_232	55	0	55	0	0	82809	0	29796	0.000000	0.000000	2080719	1998181
Node_233	1	0	1	0	0	82809	0	29798	0.000000	0.000000	2081077	1998470
Node_234	4	0	4	0	0	82809	0	29798	0.000000	0.000000	2081097	1998489
Node_235	74	48	26	1	1572	82809	1572	38339	1.846154	0.038462	2109585	2026972
Node_236	6	0	6	0	0	82677	0	38207	0.000000	0.000000	2118162	2035547
Node_237	15	0	15	0	0	82677	0	16384	0.000000	0.000000	2047787	1965266
Node_238	14	0	14	0	0	82677	0	25155	0.000000	0.000000	2073800	1991279
Node_239	3	0	3	0	0	82677	0	38290	0.000000	0.000000	2118575	2035952
Node_240	0	0	0	0	0	82677	0	47649	0.000000	0.000000	2134773	2052125
Node_241	2	0	2	0	0	82677	0	47649	0.000000	0.000000	2134773	2052125
Node_242	238	191	47	5	69802	82677	35642	48439	4.063830	0.106383	2135582	2122707
Node_243	7	0	7	0	0	35568	0	9026	0.000000	0.000000	2030584	1996436
Node_244	84	0	84	0	0	35568	0	4518	0.000000	0.000000	2020291	1986143
Node_245	5	0	5	0	0	35568	0	17624	0.000000	0.000000	2054352	2020204
Node_246	10	0	10	0	0	35568	0	17683	0.000000	0.000000	2057120	2022972
Node_247	17	0	17	0	0	35577	0	4679	0.000000	0.000000	2027676	1993519
Node_248	4	4	0	1	9	35577	9	4679	0.000000	0.000000	2027944	1993796
Node_249	13	0	13	0	0	35568	0	4443	0.000000	0.000000	2025218	1991070
Node_250	8	0	8	0	0	35568	0	5755	0.000000	0.000000	2029440	1995292
Node_251	14	0	14	0	0	35568	0	5761	0.000000	0.000000	2030317	1996169
Node_252	5	0	5	0	0	35577	0	17722	0.000000	0.000000	2057584	2023427
Node_253	8	0	8	0	0	38527	0	9139	0.000000	0.000000	2050667	2013560
Node_254	3	0	3	0	0	38527	0	9398	0.000000	0.000000	2052828	2015721
Node_255	1	0	1	0	0	38527	0	9398	0.000000	0.000000	2052860	2015753
Node_256	1	0	1	0	0	38527	0	9629	0.000000	0.000000	2054071	2016964
Node_257	1	0	1	0	0	38527	0	9629	0.000000	0.000000	2054181	2017074
Node_258	12	4	8	1	9	38527	9	9639	0.500000	0.125000	2054262	2017155
Node_259	5	0	5	0	0	38527	0	9727	0.000000	0.000000	2054529	2017422
Node_260	1	0	1	0	0	38527	0	9740	0.000000	0.000000	2054618	2017511
Node_261	10	5	5	1	3071	38527	1768	22859	1.000000	0.200000	2085750	2051593
Node_262	2	0	2	0	0	35577	0	21181	0.000000	0.000000	2085880	2051723
Node_263	1	0	1	0	0	35577	0	21181	0.000000	0.000000	2086044	2051887
Node_264	0	0	0	0	0	35577	0	21181	0.000000	0.000000	2086051	2051894
Node_265	19	0	19	0	0	35577	0	22062	0.000000	0.000000	2096904	2062747
Node_266	1	0	1	0	0	35577	0	21064	0.000000	0.000000	2084882	2050725
Node_267	1	0	1	0	0	35577	0	20736	0.000000	0.000000	2088838	2054681
Node_268	2	0	2	0	0	35577	0	21626	0.000000	0.000000	2096195	2062038
Node_269	5	5	0	1	9	35577	9	21634	0.000000	0.000000	2096433	2062276
Node_270	20	0	20	0	0	35577	0	21634	0.000000	0.000000	2096609	2062452
Node_271	0	0	0	0	0	35577	0	21634	0.000000	0.000000	2096675	2062518
Node_272	0	0	0	0	0	35577	0	21635	0.000000	0.000000	2096753	2062596
Node_273	1	0	1	0	0	35577	0	21635	0.000000	0.000000	2096865	2062708
Node_274	14	5	9	1	9	35577	9	4325	0.555556	0.111111	2016953	1982796
Node_275	2	0	2	0	0	35577	0	7132	0.000000	0.000000	2049750	2015593
Node_276	1	0	1	0	0	35577	0	7327	0.000000	0.000000	2053101	2018944
Node_277	14	0	14	0	0	35577	0	7388	0.000000	0.000000	2054933	2020776
Node_278	4	0	4	0	0	35577	0	20319	0.000000	0.000000	2080193	2046036
Node_279	5	0	5	0	0	35577	0	18118	0.000000	0.000000	2061188	2027031
Node_280	1	0	1	0	0	37608	0	5611	0.000000	0.000000	2020577	1984389
Node_281	0	0	0	0	0	37608	0	5741	0.000000	0.000000	2024120	1987932
Node_282	11	0	11	0	0	38155	0	9129	0.000000	0.000000	2052861	2016127
Node_283	0	0	0	0	0	38155	0	9244	0.000000	0.000000	2054119	2017385
Node_284	3	0	3	0	0	38155	0	9244	0.000000	0.000000	2054523	2017789
Node_285	14	0	14	0	0	38155	0	5162	0.000000	0.000000	2026738	1990004
Node_286	3	0	3	0	0	38155	0	5174	0.000000	0.000000	2027569	1990835
Node_287	23	7	16	1	547	38155	235	9260	0.437500	0.062500	2054963	2018775
Node_288	162	148	14	4	3486	37608	2252	9922	10.571428	0.285714	2056211	2022054
Node_289	0	0	0	0	0	35577	0	21074	0.000000	0.000000	2087715	2053558
Node_290	2	0	2	0	0	35577	0	21194	0.000000	0.000000	2088121	2053964
Node_291	45	14	31	1	21332	53229	10701	16266	0.451613	0.032258	2041070	2006914
Node_292	10	0	10	0	0	35577	0	20685	0.000000	0.000000	2082693	2048536
Node_293	1	0	1	0	0	35577	0	20707	0.000000	0.000000	2082940	2048783
Node_294	1	0	1	0	0	35577	0	20852	0.000000	0.000000	2084094	2049937
Node_295	2	0	2	0	0	35577	0	19858	0.000000	0.000000	2071695	2037538
Node_296	2	0	2	0	0	35577	0	20688	0.000000	0.000000	2081324	2047167
Node_297	2	0	2	0	0	35577	0	20860	0.000000	0.000000	2083418	2049261
Node_298	3	0	3	0	0	35577	0	20860	0.000000	0.000000	2083555	2049398
Node_299	0	0	0	0	0	35577	0	21073	0.000000	0.000000	2085567	2051410
Node_300	7	0	7	0	0	35577	0	21140	0.000000	0.000000	2086368	2052211
Node_301	5	0	5	0	0	35577	0	21140	0.000000	0.000000	2086379	2052222
Node_302	10	0	10	0	0	35577	0	21140	0.000000	0.000000	2086653	2052496
Node_303	3	0	3	0	0	35577	0	21150	0.000000	0.000000	2087056	2052899
Node_304	8	0	8	0	0	35577	0	4720	0.000000	0.000000	2032894	1998737
Node_305	33	0	33	0	0	35577	0	4761	0.000000	0.000000	2030779	1996622
Node_306	4	0	4	0	0	35577	0	17990	0.000000	0.000000	2060493	2026336
Node_307	9	0	9	0	0	35577	0	17622	0.000000	0.000000	2053623	2019466
Node_308	2	0	2	0	0	35577	0	21034	0.000000	0.000000	2085310	2051153
Node_309	3	0	3	0	0	35577	0	21100	0.000000	0.000000	2086763	2052606
Node_310	3	0	3	0	0	35577	0	21113	0.000000	0.000000	2087796	2053639
Node_311	8	0	8	0	0	35577	0	17983	0.000000	0.000000	2068977	2034820
Node_312	10	0	10	0	0	35577	0	21159	0.000000	0.000000	2096846	2062689
Node_313	2	0	2	0	0	35577	0	21159	0.000000	0.000000	2096846	2062689
Node_314	1	0	1	0	0	35577	0	21159	0.000000	0.000000	2096873	2062716
Node_315	1	0	1	0	0	35577	0	21159	0.000000	0.000000	2097037	2062880
Node_316	0	0	0	0	0	35577	0	21326	0.000000	0.000000	2097747	2063590
Node_317	0	0	0	0	0	35577	0	21533	0.000000	0.000000	2098367	2064210
Node_318	7	4	3	1	9	35577	9	21536	1.333333	0.333333	2098576	2064419
Node_319	1	0	1	0	0	35577	0	21757	0.000000	0.000000	2099584	2065427
Node_320	1	0	1	0	0	35577	0	22646	0.000000	0.000000	2110480	2076323
Node_321	9	5	4	1	9	35577	9	22646	1.250000	0.250000	2110481	2076333
Node_322	7	0	7	0	0	35568	0	22639	0.000000	0.000000	2110782	2076634
Node_323	1	0	1	0	0	35568	0	22639	0.000000	0.000000	2110787	2076639
Node_324	3	0	3	0	0	79970	0	16480	0.000000	0.000000	2038398	1960018
Node_325	6	3	3	1	8	79970	8	16480	1.000000	0.333333	2039113	1960723
Node_326	1	0	1	0	0	79962	0	16505	0.000000	0.000000	2040730	1962333
Node_327	0	0	0	0	0	79962	0	6383	0.000000	0.000000	2031512	1953027
Node_328	14	0	14	0	0	79962	0	16529	0.000000	0.000000	2043187	1964702
Node_329	0	0	0	0	0	96962	0	56857	0.000000	0.000000	2107275	2011763
Node_330	15	0	15	0	0	96962	0	56858	0.000000	0.000000	2107290	2011777
Node_331	0	0	0	0	0	96962	0	56239	0.000000	0.000000	2104872	2009380
Node_332	0	0	0	0	0	96962	0	56242	0.000000	0.000000	2104948	2009456
Node_333	1	0	1	0	0	96962	0	56059	0.000000	0.000000	2102310	2006865
Node_334	10	0	10	0	0	96962	0	62510	0.000000	0.000000	2090825	1995733
Node_335	4	0	4	0	0	96962	0	64769	0.000000	0.000000	2109474	2014059
Node_336	5	0	5	0	0	96962	0	65120	0.000000	0.000000	2112454	2016995
Node_337	9	0	9	0	0	96962	0	65120	0.000000	0.000000	2112532	2017071
Node_338	3	0	3	0	0	96962	0	65320	0.000000	0.000000	2114754	2019257
Node_339	5	0	5	0	0	96975	0	55500	0.000000	0.000000	2099579	2004225
Node_340	9	4	5	1	4	96975	4	56071	0.800000	0.200000	2102397	2006960
Node_341	12	6	6	1	3095	96971	3095	83854	1.000000	0.166667	2133616	2036956
Node_342	2	0	2	0	0	96971	0	87585	0.000000	0.000000	2143729	2046873
Node_343	0	0	0	0	0	96971	0	87630	0.000000	0.000000	2144236	2047370
Node_344	0	0	0	0	0	96971	0	87634	0.000000	0.000000	2144249	2047383
Node_345	6	5	1	1	9	96971	9	87642	5.000000	1.000000	2144317	2047460
Node_346	0	0	0	0	0	96962	0	87633	0.000000	0.000000	2144549	2047684
Node_347	0	0	0	0	0	96962	0	87633	0.000000	0.000000	2144549	2047684
Node_348	0	0	0	0	0	96962	0	87988	0.000000	0.000000	2147326	2050409
Node_349	1426	1413	13	6	61497	96962	59661	88312	108.692307	0.461538	2149079	2068673
Node_350	4	0	4	0	0	80418	0	22070	0.000000	0.000000	2078970	2000152
Node_351	0	0	0	0	0	80418	0	21684	0.000000	0.000000	2076823	1998046
Node_352	4	0	4	0	0	80418	0	39343	0.000000	0.000000	2068694	1989781
Node_353	2	0	2	0	0	80418	0	39712	0.000000	0.000000	2071547	1992601
Node_354	4	0	4	0	0	80418	0	39712	0.000000	0.000000	2071616	1992670
Node_355	554	537	17	2	24047	80418	24043	52975	31.588236	0.117647	2103882	2024936
Node_356	0	0	0	0	0	80418	0	52984	0.000000	0.000000	2117687	2038741
Node_357	2	0	2	0	0	80418	0	52984	0.000000	0.000000	2117954	2039008
Node_358	442	442	0	3	22835	80418	22835	72925	0.000000	0.000000	2163024	2082618
Node_359	2	0	2	0	0	80418	0	62013	0.000000	0.000000	2119056	2040189
Node_360	28	25	3	1	1446	80427	1446	53054	8.333333	0.333333	2111740	2032824
Node_361	1	0	1	0	0	80427	0	53056	0.000000	0.000000	2112162	2033246
Node_362	0	0	0	0	0	80427	0	53093	0.000000	0.000000	2112264	2033348
Node_363	13	11	2	2	95	80427	95	53093	5.500000	1.000000	2112389	2033479
Node_364	15	3	12	1	425	80418	425	62934	0.250000	0.083333	2123875	2044961
Node_365	0	0	0	0	0	80418	0	62941	0.000000	0.000000	2137540	2058626
Node_366	84	68	16	4	11025	80418	10252	73498	4.250000	0.250000	2172223	2092273
Node_367	23	13	10	1	2699	79962	2699	73717	1.300000	0.100000	2173110	2093160
Node_368	14	0	14	0	0	79962	0	6383	0.000000	0.000000	2032204	1953698
Node_369	4	0	4	0	0	79971	0	9398	0.000000	0.000000	2054947	1976502
Node_370	5	0	5	0	0	79971	0	6029	0.000000	0.000000	2022728	1944458
Node_371	0	0	0	0	0	79971	0	9398	0.000000	0.000000	2055128	1976682
Node_372	7	0	7	0	0	79971	0	6108	0.000000	0.000000	2025132	1946730
Node_373	0	0	0	0	0	79971	0	6108	0.000000	0.000000	2026844	1948430
Node_374	15	0	15	0	0	79971	0	8492	0.000000	0.000000	2049297	1970859
Node_375	1	0	1	0	0	79971	0	8492	0.000000	0.000000	2049330	1970892
Node_376	0	0	0	0	0	79971	0	9427	0.000000	0.000000	2055628	1977151
Node_377	7	5	2	1	9	79971	9	9468	2.500000	0.500000	2055789	1977320
Node_378	0	0	0	0	0	79962	0	8924	0.000000	0.000000	2050754	1972389
Node_379	0	0	0	0	0	79962	0	8924	0.000000	0.000000	2050854	1972489
Node_380	6	0	6	0	0	79962	0	36113	0.000000	0.000000	2078396	2000031
Node_381	2	0	2	0	0	79962	0	36391	0.000000	0.000000	2080282	2001897
Node_382	0	0	0	0	0	79962	0	36691	0.000000	0.000000	2083927	2005454
Node_383	0	0	0	0	0	79962	0	7090	0.000000	0.000000	2026843	1948466
Node_384	9	0	9	0	0	79962	0	9652	0.000000	0.000000	2049876	1971498
Node_385	12	0	12	0	0	79962	0	6249	0.000000	0.000000	2026734	1948297
Node_386	1	0	1	0	0	79962	0	6281	0.000000	0.000000	2028678	1950226
Node_387	1	0	1	0	0	79962	0	6290	0.000000	0.000000	2029118	1950649
Node_388	3	0	3	0	0	79962	0	6340	0.000000	0.000000	2029855	1951384
Node_389	0	0	0	0	0	79962	0	9742	0.000000	0.000000	2053812	1975341
Node_390	0	0	0	0	0	79962	0	37565	0.000000	0.000000	2085511	2007012
Node_391	6	0	6	0	0	79962	0	37584	0.000000	0.000000	2086703	2008192
Node_392	7	0	7	0	0	79962	0	37584	0.000000	0.000000	2086709	2008198
Node_393	2	0	2	0	0	125011	0	22641	0.000000	0.000000	2053850	1930590
Node_394	2	0	2	0	0	125011	0	22722	0.000000	0.000000	2055022	1931728
Node_395	1	0	1	0	0	125011	0	22769	0.000000	0.000000	2055193	1931893
Node_396	34	4	30	1	9	125020	9	18030	0.133333	0.033333	2024620	1901503
Node_397	4	0	4	0	0	125011	0	27902	0.000000	0.000000	2041003	1917591
Node_398	0	0	0	0	0	125011	0	27909	0.000000	0.000000	2041351	1917936
Node_399	4	0	4	0	0	125011	0	30144	0.000000	0.000000	2062661	1939246
Node_400	0	0	0	0	0	125011	0	30144	0.000000	0.000000	2062824	1939409
Node_401	4	0	4	0	0	125011	0	21543	0.000000	0.000000	2055004	1931703
Node_402	0	0	0	0	0	125011	0	31155	0.000000	0.000000	2066889	1943465
Node_403	13	8	5	1	42	125011	40	32812	1.600000	0.200000	2068751	1945362
Node_404	12	0	12	0	0	124969	0	22429	0.000000	0.000000	2052309	1929137
Node_405	2	0	2	0	0	124969	0	17981	0.000000	0.000000	2024823	1901910
Node_406	0	0	0	0	0	124969	0	22429	0.000000	0.000000	2053701	1930493
Node_407	5	0	5	0	0	145182	0	56042	0.000000	0.000000	2055294	1912361
Node_408	29	7	22	2	13	145182	13	56173	0.318182	0.090909	2057326	1914271
Node_409	1153	1141	12	5	37320	145169	26395	62759	95.083336	0.416667	2077720	1954779
Node_410	2	0	2	0	0	124969	0	51960	0.000000	0.000000	2090409	1967187
Node_411	1	0	1	0	0	124969	0	62033	0.000000	0.000000	2104969	1981579
Node_412	6	0	6	0	0	124969	0	20796	0.000000	0.000000	2052361	1929195
Node_413	2	0	2	0	0	124969	0	20808	0.000000	0.000000	2053212	1930022
Node_414	3	0	3	0	0	124969	0	20808	0.000000	0.000000	2053285	1930095
Node_415	2	0	2	0	0	124969	0	20841	0.000000	0.000000	2053571	1930381
Node_416	97	86	11	2	2539	125639	1911	23401	7.818182	0.181818	2057771	1934422
Node_417	4	0	4	0	0	124969	0	22773	0.000000	0.000000	2058861	1935461
Node_418	8	0	8	0	0	124969	0	19265	0.000000	0.000000	2022550	1899613
Node_419	19	16	3	1	29997	149537	13338	32823	5.333333	0.333333	2038294	1915240
Node_420	0	0	0	0	0	124969	0	21327	0.000000	0.000000	2040669	1917549
Node_421	6	0	6	0	0	124969	0	21338	0.000000	0.000000	2040920	1917799
Node_422	4	0	4	0	0	124969	0	21368	0.000000	0.000000	2043419	1920260
Node_423	12	4	8	1	937	124969	528	23094	0.500000	0.125000	2059450	1936042
Node_424	2	0	2	0	0	124969	0	20603	0.000000	0.000000	2047520	1924495
Node_425	4	0	4	0	0	124969	0	21151	0.000000	0.000000	2052171	1928974
Node_426	11	4	7	1	4	124973	4	20755	0.571429	0.142857	2045200	1922103
Node_427	21	11	10	2	17	124986	17	20690	1.100000	0.200000	2049103	1925980
Node_428	0	0	0	0	0	124969	0	20689	0.000000	0.000000	2049384	1926250
Node_429	0	0	0	0	0	124969	0	20692	0.000000	0.000000	2050004	1926865
Node_430	0	0	0	0	0	124969	0	21398	0.000000	0.000000	2056103	1932733
Node_431	1	0	1	0	0	124969	0	21411	0.000000	0.000000	2056153	1932783
Node_432	0	0	0	0	0	124969	0	21411	0.000000	0.000000	2056452	1933078
Node_433	3	0	3	0	0	124978	0	22262	0.000000	0.000000	2052440	1929417
Node_434	4	0	4	0	0	124978	0	22276	0.000000	0.000000	2052789	1929757
Node_435	1	0	1	0	0	124978	0	20906	0.000000	0.000000	2048216	1925207
Node_436	9	0	9	0	0	124978	0	20663	0.000000	0.000000	2044971	1922268
Node_437	8	0	8	0	0	124978	0	20701	0.000000	0.000000	2048909	1925776
Node_438	3	0	3	0	0	124978	0	20701	0.000000	0.000000	2049000	1925867
Node_439	0	0	0	0	0	124978	0	20885	0.000000	0.000000	2048935	1925746
Node_440	2	0	2	0	0	124978	0	20885	0.000000	0.000000	2049198	1926005
Node_441	2	0	2	0	0	124978	0	20998	0.000000	0.000000	2051728	1928492
Node_442	0	0	0	0	0	124978	0	21212	0.000000	0.000000	2052859	1929614
Node_443	1	0	1	0	0	124978	0	24216	0.000000	0.000000	2076778	1953639
Node_444	3	0	3	0	0	124978	0	24317	0.000000	0.000000	2079441	1956176
Node_445	1	0	1	0	0	124978	0	24317	0.000000	0.000000	2079814	1956535
Node_446	0	0	0	0	0	124978	0	24317	0.000000	0.000000	2080118	1956839
Node_447	8	4	4	1	9	124978	9	25572	1.000000	0.250000	2081866	1958556
Node_448	6	0	6	0	0	124969	0	25648	0.000000	0.000000	2083408	1960003
Node_449	10	0	10	0	0	124977	0	22116	0.000000	0.000000	2050213	1927069
Node_450	5	0	5	0	0	124977	0	21011	0.000000	0.000000	2035672	1913136
Node_451	3	0	3	0	0	124977	0	22122	0.000000	0.000000	2050556	1927412
Node_452	0	0	0	0	0	124977	0	22411	0.000000	0.000000	2053188	1929982
Node_453	5	3	2	1	8	124977	8	22500	1.500000	0.500000	2053632	1930430
Node_454	27	0	27	0	0	124969	0	21722	0.000000	0.000000	2056537	1933254
Node_455	6	0	6	0	0	124969	0	21722	0.000000	0.000000	2056559	1933276
Node_456	5	0	5	0	0	124969	0	21722	0.000000	0.000000	2056568	1933280
Node_457	3	0	3	0	0	124969	0	21724	0.000000	0.000000	2056574	1933286
Node_458	7	0	7	0	0	124969	0	21932	0.000000	0.000000	2047524	1924630
Node_459	0	0	0	0	0	124969	0	22275	0.000000	0.000000	2051267	1928231
Node_460	1	0	1	0	0	124969	0	22275	0.000000	0.000000	2051551	1928501
Node_461	0	0	0	0	0	124969	0	22275	0.000000	0.000000	2051564	1928514
Node_462	0	0	0	0	0	124969	0	22882	0.000000	0.000000	2058054	1934750
Node_463	0	0	0	0	0	124969	0	22964	0.000000	0.000000	2058394	1935054
Node_464	38	4	34	1	10	124979	10	19966	0.117647	0.029412	2039491	1916790
Node_465	0	0	0	0	0	124969	0	22964	0.000000	0.000000	2058394	1935054
Node_466	3	0	3	0	0	124969	0	22964	0.000000	0.000000	2058437	1935097
Node_467	23	0	23	0	0	124969	0	21286	0.000000	0.000000	2054771	1931427
Node_468	0	0	0	0	0	124969	0	21550	0.000000	0.000000	2056934	1933544
Node_469	2	0	2	0	0	124969	0	23010	0.000000	0.000000	2059612	1936202
Node_470	3	0	3	0	0	124969	0	23012	0.000000	0.000000	2059750	1936340
Node_471	4	0	4	0	0	124969	0	23278	0.000000	0.000000	2061933	1938416
Node_472	1	0	1	0	0	124969	0	21059	0.000000	0.000000	2047948	1924972
Node_473	8	0	8	0	0	124969	0	21064	0.000000	0.000000	2048413	1925396
Node_474	0	0	0	0	0	124969	0	23278	0.000000	0.000000	2061933	1938416
Node_475	0	0	0	0	0	124969	0	23278	0.000000	0.000000	2061933	1938416
Node_476	0	0	0	0	0	124969	0	23278	0.000000	0.000000	2061933	1938416
Node_477	1	0	1	0	0	124969	0	25973	0.000000	0.000000	2085919	1962402
Node_478	6	0	6	0	0	124969	0	25973	0.000000	0.000000	2085920	1962403
Node_479	3	0	3	0	0	124969	0	26300	0.000000	0.000000	2086488	1962966
Node_480	6	0	6	0	0	124969	0	26300	0.000000	0.000000	2086663	1963141
Node_481	2	0	2	0	0	124969	0	26300	0.000000	0.000000	2086665	1963141
Node_482	194	183	11	4	71680	124969	30761	65502	16.636364	0.363636	2132719	2054192
Node_483	21	20	1	1	1284	79962	891	52545	20.000000	1.000000	2133054	2054526
Node_484	0	0	0	0	0	79962	0	76552	0.000000	0.000000	2198058	2118105
Node_485	0	0	0	0	0	79962	0	9398	0.000000	0.000000	2054227	1975784
Node_486	3	0	3	0	0	79962	0	9398	0.000000	0.000000	2054311	1975868
Node_487	12	8	4	1	112	79962	112	76552	2.000000	0.250000	2198059	2118106
Node_488	35	0	35	0	0	79962	0	6372	0.000000	0.000000	2027660	1949257
Node_489	1	0	1	0	0	79962	0	6374	0.000000	0.000000	2029781	1951334
Node_490	1	0	1	0	0	79962	0	6374	0.000000	0.000000	2030337	1951879
Node_491	16	0	16	0	0	79962	0	6422	0.000000	0.000000	2031205	1952742
Node_492	2	0	2	0	0	82117	0	8881	0.000000	0.000000	2045586	1965157
Node_493	0	0	0	0	0	82117	0	9491	0.000000	0.000000	2050617	1970074
Node_494	3	0	3	0	0	82117	0	9771	0.000000	0.000000	2052522	1971975
Node_495	1	0	1	0	0	82117	0	9771	0.000000	0.000000	2052699	1972152
Node_496	3	0	3	0	0	82117	0	9771	0.000000	0.000000	2053214	1972662
Node_497	3	0	3	0	0	82117	0	11252	0.000000	0.000000	2059001	1978378
Node_498	9	0	9	0	0	82117	0	11290	0.000000	0.000000	2059323	1978682
Node_499	5	0	5	0	0	82117	0	9765	0.000000	0.000000	2054153	1973553
Node_500	2	0	2	0	0	82117	0	40393	0.000000	0.000000	2089212	2008569
Node_501	23	0	23	0	0	82117	0	40399	0.000000	0.000000	2089444	2008795
Node_502	2	0	2	0	0	82117	0	40399	0.000000	0.000000	2089544	2008895
Node_503	7	0	7	0	0	82126	0	6294	0.000000	0.000000	2018840	1938381
Node_504	25	0	25	0	0	82126	0	6294	0.000000	0.000000	2019611	1939152
Node_505	5	4	1	1	9	82126	9	6377	4.000000	1.000000	2021352	1940863
Node_506	0	0	0	0	0	82117	0	40399	0.000000	0.000000	2089575	2008926
Node_507	3	0	3	0	0	82117	0	41576	0.000000	0.000000	2091454	2010790
Node_508	145	124	21	3	3707	82117	2173	41576	5.904762	0.142857	2091454	2012945
Node_509	3	0	3	0	0	79962	0	40527	0.000000	0.000000	2091455	2012946
Node_510	0	0	0	0	0	79962	0	40713	0.000000	0.000000	2091831	2013308
Node_511	0	0	0	0	0	79962	0	40726	0.000000	0.000000	2091981	2013458
Node_512	180	172	8	3	47513	79962	47453	76579	21.500000	0.375000	2198127	2162560
Node_513	14	0	14	0	0	35568	0	32258	0.000000	0.000000	2207957	2172390
Node_514	1	0	1	0	0	35568	0	7868	0.000000	0.000000	2054455	2020307
Node_515	2	0	2	0	0	35568	0	17979	0.000000	0.000000	2062273	2028125
Node_516	10	0	10	0	0	35568	0	21118	0.000000	0.000000	2087883	2053735
Node_517	0	0	0	0	0	35568	0	21219	0.000000	0.000000	2089076	2054928
Node_518	0	0	0	0	0	35568	0	6507	0.000000	0.000000	2042029	2007881
Node_519	2	0	2	0	0	35568	0	21219	0.000000	0.000000	2089104	2054956
Node_520	31	8	23	1	814	35568	814	32359	0.347826	0.043478	2209108	2173541
Node_521	2	0	2	0	0	35568	0	32359	0.000000	0.000000	2209108	2173541
Node_522	4	0	4	0	0	35568	0	32359	0.000000	0.000000	2209108	2173541
Node_523	4	4	0	1	9	98929	9	51279	0.000000	0.000000	2084515	1987285
Node_524	2	0	2	0	0	98920	0	53434	0.000000	0.000000	2101510	2004092
Node_525	0	0	0	0	0	98920	0	54135	0.000000	0.000000	2102458	2005040
Node_526	10	0	10	0	0	98920	0	52596	0.000000	0.000000	2093322	1996003
Node_527	8	0	8	0	0	98920	0	54139	0.000000	0.000000	2102693	2005273
Node_528	0	0	0	0	0	98920	0	54141	0.000000	0.000000	2102757	2005337
Node_529	1	0	1	0	0	98920	0	54182	0.000000	0.000000	2103464	2006028
Node_530	2	0	2	0	0	98920	0	53034	0.000000	0.000000	2100882	2003453
Node_531	1	0	1	0	0	98920	0	54229	0.000000	0.000000	2104559	2007111
Node_532	3	0	3	0	0	98920	0	54229	0.000000	0.000000	2104570	2007122
Node_533	59	16	43	1	129	98920	129	54229	0.372093	0.023256	2104573	2007254
Node_534	8	0	8	0	0	98791	0	54100	0.000000	0.000000	2118361	2021033
Node_535	0	0	0	0	0	98800	0	49811	0.000000	0.000000	2068413	1971219
Node_536	0	0	0	0	0	98800	0	49815	0.000000	0.000000	2068755	1971561
Node_537	14	0	14	0	0	98800	0	50054	0.000000	0.000000	2073304	1976062
Node_538	5	4	1	1	9	98800	9	52362	4.000000	1.000000	2095763	1998530
Node_539	6	5	1	1	9	98800	9	52439	5.000000	1.000000	2093679	1996498
Node_540	1	0	1	0	0	98791	0	52808	0.000000	0.000000	2094241	1997068
Node_541	2	0	2	0	0	98791	0	52933	0.000000	0.000000	2097059	1999863
Node_542	2	0	2	0	0	98791	0	53072	0.000000	0.000000	2099390	2002108
Node_543	23	0	23	0	0	98791	0	53080	0.000000	0.000000	2099505	2002223
Node_544	1	0	1	0	0	98791	0	53173	0.000000	0.000000	2100554	2003272
Node_545	19	0	19	0	0	98791	0	54795	0.000000	0.000000	2108792	2011510
Node_546	3	0	3	0	0	98791	0	19578	0.000000	0.000000	2055570	1958491
Node_547	26	10	16	3	481	99272	136	6826	0.625000	0.187500	2017234	1920254
Node_548	8	0	8	0	0	98791	0	19031	0.000000	0.000000	2041456	1944298
Node_549	21	0	21	0	0	98791	0	21191	0.000000	0.000000	2063365	1966194
Node_550	14	0	14	0	0	98791	0	36799	0.000000	0.000000	2104412	2007109
Node_551	1	0	1	0	0	98791	0	36813	0.000000	0.000000	2105135	2007832
Node_552	0	0	0	0	0	98791	0	36823	0.000000	0.000000	2105272	2007962
Node_553	3	0	3	0	0	98791	0	68558	0.000000	0.000000	2144577	2047265
Node_554	5	0	5	0	0	98791	0	69426	0.000000	0.000000	2147573	2050239
Node_555	1807	1793	14	6	71029	98791	50454	69426	128.071426	0.428571	2149007	2114859
Node_556	5	0	5	0	0	35568	0	25717	0.000000	0.000000	2149018	2114870
Node_557	3	0	3	0	0	43857	0	12747	0.000000	0.000000	2042729	2000337
Node_558	280	241	39	4	13936	43857	8289	12747	6.179487	0.102564	2043375	2009227
Node_559	11	0	11	0	0	35568	0	7266	0.000000	0.000000	2050167	2016019
Node_560	2	0	2	0	0	35568	0	7735	0.000000	0.000000	2055261	2021113
Node_561	0	0	0	0	0	35568	0	26009	0.000000	0.000000	2150685	2116537
Node_562	0	0	0	0	0	35568	0	35075	0.000000	0.000000	2224815	2189248
Node_563	6	0	6	0	0	35568	0	35075	0.000000	0.000000	2224815	2189248
Node_564	1	0	1	0	0	35568	0	35075	0.000000	0.000000	2224815	2189248
Node_565	0	0	0	0	0	35568	0	4814	0.000000	0.000000	2032777	1998629
Node_566	6	0	6	0	0	35568	0	4814	0.000000	0.000000	2032912	1998764
Node_567	17	0	17	0	0	35568	0	4814	0.000000	0.000000	2032965	1998817
Node_568	58	0	58	0	0	35568	0	20445	0.000000	0.000000	2086924	2052776
Node_569	0	0	0	0	0	35568	0	20445	0.000000	0.000000	2087043	2052895
Node_570	0	0	0	0	0	35568	0	20456	0.000000	0.000000	2087061	2052913
Node_571	0	0	0	0	0	35568	0	20456	0.000000	0.000000	2087112	2052964
Node_572	15	0	15	0	0	35629	0	8272	0.000000	0.000000	2058462	2024253
Node_573	27	9	18	2	61	35629	61	21443	0.500000	0.111111	2089590	2055442
Node_574	0	0	0	0	0	35577	0	7552	0.000000	0.000000	2046519	2012363
Node_575	1	0	1	0	0	35577	0	7589	0.000000	0.000000	2054548	2020391
Node_576	52	0	52	0	0	35577	0	7652	0.000000	0.000000	2036268	2002112
Node_577	1	0	1	0	0	35577	0	7750	0.000000	0.000000	2052519	2018362
Node_578	0	0	0	0	0	35577	0	7753	0.000000	0.000000	2053093	2018936
Node_579	3	0	3	0	0	35632	0	4678	0.000000	0.000000	2025200	1990988
Node_580	4	0	4	0	0	35632	0	4678	0.000000	0.000000	2025266	1991054
Node_581	3	0	3	0	0	35632	0	4774	0.000000	0.000000	2030241	1996029
Node_582	18	0	18	0	0	35632	0	4774	0.000000	0.000000	2030366	1996154
Node_583	1	0	1	0	0	35632	0	4774	0.000000	0.000000	2030557	1996345
Node_584	12	3	9	1	9	35632	9	4778	0.333333	0.111111	2030630	1996418
Node_585	1	0	1	0	0	35632	0	7479	0.000000	0.000000	2054926	2020714
Node_586	5	0	5	0	0	35632	0	7492	0.000000	0.000000	2054959	2020747
Node_587	48	4	44	1	55	35632	55	7492	0.090909	0.022727	2054961	2020804
Node_588	0	0	0	0	0	35577	0	7774	0.000000	0.000000	2056039	2021882
Node_589	5	4	1	1	9	35577	9	8648	4.000000	1.000000	2066112	2031964
Node_590	20	0	20	0	0	35568	0	21418	0.000000	0.000000	2099014	2064866
Node_591	3	0	3	0	0	35568	0	21535	0.000000	0.000000	2099912	2065764
Node_592	1	0	1	0	0	35568	0	35075	0.000000	0.000000	2224880	2189313
Node_593	359	287	72	13	22763	35568	22270	35075	3.986111	0.180556	2224880	2212005
Node_594	252	87	165	2	12875	12875	12875	12875	0.527273	0.012121	2229601	2229601
Node_595	0	0	0	0	0	0	0	0	0.000000	0.000000	2231314	2231314
